-- MySQL dump 10.13  Distrib 8.0.19, for Win64 (x86_64)
--
-- Host: 148.229.21.133    Database: usuarios
-- ------------------------------------------------------
-- Server version	8.3.0

/*!40101 SET @OLD_CHARACTER_SET_CLIENT=@@CHARACTER_SET_CLIENT */;
/*!40101 SET @OLD_CHARACTER_SET_RESULTS=@@CHARACTER_SET_RESULTS */;
/*!40101 SET @OLD_COLLATION_CONNECTION=@@COLLATION_CONNECTION */;
/*!50503 SET NAMES utf8mb4 */;
/*!40103 SET @OLD_TIME_ZONE=@@TIME_ZONE */;
/*!40103 SET TIME_ZONE='+00:00' */;
/*!40014 SET @OLD_UNIQUE_CHECKS=@@UNIQUE_CHECKS, UNIQUE_CHECKS=0 */;
/*!40014 SET @OLD_FOREIGN_KEY_CHECKS=@@FOREIGN_KEY_CHECKS, FOREIGN_KEY_CHECKS=0 */;
/*!40101 SET @OLD_SQL_MODE=@@SQL_MODE, SQL_MODE='NO_AUTO_VALUE_ON_ZERO' */;
/*!40111 SET @OLD_SQL_NOTES=@@SQL_NOTES, SQL_NOTES=0 */;

--
-- Table structure for table `perfiles`
--

DROP TABLE IF EXISTS `perfiles`;
/*!40101 SET @saved_cs_client     = @@character_set_client */;
/*!50503 SET character_set_client = utf8mb4 */;
CREATE TABLE `perfiles` (
  `id_perfil` int NOT NULL AUTO_INCREMENT,
  `descripcion` text NOT NULL,
  PRIMARY KEY (`id_perfil`)
) ENGINE=InnoDB AUTO_INCREMENT=8 DEFAULT CHARSET=utf8mb4 COLLATE=utf8mb4_0900_ai_ci;
/*!40101 SET character_set_client = @saved_cs_client */;

--
-- Dumping data for table `perfiles`
--

LOCK TABLES `perfiles` WRITE;
/*!40000 ALTER TABLE `perfiles` DISABLE KEYS */;
INSERT INTO `perfiles` VALUES (1,'ADMINISTRADOR DEL SISTEMA'),(2,'SECRETARIA DE SERVICIOS ESCOLARES'),(3,'COORDINADOR(A) DEL CARRERA'),(4,'USUARIO DE LABORATORIO'),(5,'MOVILIDAD INTERNACIONAL'),(6,'USUARIO DE EXTENSION Y DIFUSION');
/*!40000 ALTER TABLE `perfiles` ENABLE KEYS */;
UNLOCK TABLES;

--
-- Table structure for table `registro_acceso`
--

DROP TABLE IF EXISTS `registro_acceso`;
/*!40101 SET @saved_cs_client     = @@character_set_client */;
/*!50503 SET character_set_client = utf8mb4 */;
CREATE TABLE `registro_acceso` (
  `id_registro` int NOT NULL AUTO_INCREMENT,
  `no_empleado` int NOT NULL,
  `fecha` date NOT NULL,
  `ip` varchar(20) NOT NULL,
  `computadora` varchar(100) DEFAULT NULL,
  UNIQUE KEY `id_registro` (`id_registro`)
) ENGINE=InnoDB AUTO_INCREMENT=1865 DEFAULT CHARSET=utf8mb4 COLLATE=utf8mb4_0900_ai_ci;
/*!40101 SET character_set_client = @saved_cs_client */;

--
-- Dumping data for table `registro_acceso`
--

LOCK TABLES `registro_acceso` WRITE;
/*!40000 ALTER TABLE `registro_acceso` DISABLE KEYS */;
INSERT INTO `registro_acceso` VALUES (112,23041,'2024-09-03','148.229.21.133','DESKTOP-KI503A1'),(113,23041,'2024-09-03','148.229.21.133','DESKTOP-KI503A1'),(114,23041,'2024-09-04','148.229.21.133','DESKTOP-KI503A1'),(115,23041,'2024-09-04','148.229.21.133','DESKTOP-KI503A1'),(116,357756,'2024-09-04','148.229.22.103','DESKTOP-0FE2HSI'),(117,23041,'2024-09-04','148.229.21.133','DESKTOP-KI503A1'),(118,357756,'2024-09-04','148.229.22.103','DESKTOP-0FE2HSI'),(119,355208,'2024-09-04','148.229.21.135','DESKTOP-LUICNRD'),(120,355208,'2024-09-04','148.229.21.135','DESKTOP-LUICNRD'),(121,358193,'2024-09-04','148.229.21.135','DESKTOP-LUICNRD'),(122,358193,'2024-09-04','148.229.21.135','DESKTOP-LUICNRD'),(123,358193,'2024-09-04','148.229.21.135','DESKTOP-LUICNRD'),(124,358193,'2024-09-04','148.229.22.103','DESKTOP-0FE2HSI'),(125,12548,'2024-09-04','148.229.21.135','DESKTOP-LUICNRD'),(126,23041,'2024-09-04','148.229.21.133','DESKTOP-KI503A1'),(127,23041,'2024-09-04','148.229.21.133','DESKTOP-KI503A1'),(128,7645,'2024-09-04','192.168.56.1','DESKTOP-IS7JVBG'),(129,23041,'2024-09-04','148.229.21.133','DESKTOP-KI503A1'),(130,8727,'2024-09-04','148.229.22.141','COMPUTO1'),(131,8727,'2024-09-04','148.229.22.141','COMPUTO1'),(132,8727,'2024-09-04','148.229.22.141','COMPUTO1'),(133,92083,'2024-09-04','148.229.20.240','ELECTRONICA-01'),(134,7645,'2024-09-04','192.168.56.1','DESKTOP-IS7JVBG'),(135,31152,'2024-09-04','148.229.22.141','COMPUTO1'),(136,92083,'2024-09-04','148.229.20.240','ELECTRONICA-01'),(137,7645,'2024-09-04','192.168.56.1','DESKTOP-IS7JVBG'),(138,31152,'2024-09-04','148.229.22.141','COMPUTO1'),(139,92083,'2024-09-04','148.229.20.240','ELECTRONICA-01'),(140,23041,'2024-09-04','148.229.21.133','DESKTOP-KI503A1'),(141,23041,'2024-09-04','148.229.21.133','DESKTOP-KI503A1'),(142,23041,'2024-09-04','148.229.21.133','DESKTOP-KI503A1'),(143,23041,'2024-09-04','148.229.21.133','DESKTOP-KI503A1'),(144,23041,'2024-09-04','148.229.21.133','DESKTOP-KI503A1'),(145,23041,'2024-09-05','148.229.21.133','DESKTOP-KI503A1'),(146,358193,'2024-09-05','148.229.22.103','DESKTOP-0FE2HSI'),(147,23041,'2024-09-05','148.229.21.133','DESKTOP-KI503A1'),(148,12548,'2024-09-05','148.229.22.103','DESKTOP-0FE2HSI'),(149,23041,'2024-09-05','148.229.21.133','DESKTOP-KI503A1'),(150,23041,'2024-09-05','148.229.21.133','DESKTOP-KI503A1'),(151,12548,'2024-09-05','148.229.22.103','DESKTOP-0FE2HSI'),(152,23041,'2024-09-05','148.229.21.133','DESKTOP-KI503A1'),(153,23041,'2024-09-05','148.229.21.133','DESKTOP-KI503A1'),(154,11070,'2024-09-05','148.229.20.240','ELECTRONICA-01'),(155,357756,'2024-09-05','148.229.22.103','DESKTOP-0FE2HSI'),(156,12548,'2024-09-05','148.229.22.103','DESKTOP-0FE2HSI'),(157,23040,'2024-09-05','148.229.22.101','DESKTOP-9EOPOFI'),(158,11070,'2024-09-05','148.229.20.240','ELECTRONICA-01'),(159,8727,'2024-09-05','148.229.22.141','COMPUTO1'),(160,11070,'2024-09-05','148.229.20.240','ELECTRONICA-01'),(161,11070,'2024-09-05','148.229.20.240','ELECTRONICA-01'),(162,7645,'2024-09-05','192.168.56.1','DESKTOP-IS7JVBG'),(163,23040,'2024-09-05','148.229.22.101','DESKTOP-9EOPOFI'),(164,23041,'2024-09-05','148.229.21.133','DESKTOP-KI503A1'),(165,23041,'2024-09-05','148.229.21.133','DESKTOP-KI503A1'),(166,23041,'2024-09-05','148.229.21.133','DESKTOP-KI503A1'),(167,23041,'2024-09-05','148.229.21.133','DESKTOP-KI503A1'),(168,23041,'2024-09-05','148.229.21.133','DESKTOP-KI503A1'),(169,12548,'2024-09-05','148.229.22.103','DESKTOP-0FE2HSI'),(170,357756,'2024-09-05','148.229.22.103','DESKTOP-0FE2HSI'),(171,12548,'2024-09-05','148.229.22.103','DESKTOP-0FE2HSI'),(172,31152,'2024-09-05','148.229.22.141','COMPUTO1'),(173,25261,'2024-09-05','148.229.22.103','DESKTOP-0FE2HSI'),(174,8727,'2024-09-06','148.229.22.141','COMPUTO1'),(175,8727,'2024-09-06','148.229.22.141','COMPUTO1'),(176,23041,'2024-09-06','148.229.21.133','DESKTOP-KI503A1'),(177,23041,'2024-09-06','148.229.21.133','DESKTOP-KI503A1'),(178,92083,'2024-09-06','148.229.20.240','ELECTRONICA-01'),(179,25261,'2024-09-06','148.229.22.103','DESKTOP-0FE2HSI'),(180,23041,'2024-09-06','148.229.21.133','DESKTOP-KI503A1'),(181,25261,'2024-09-06','148.229.22.103','DESKTOP-0FE2HSI'),(182,25261,'2024-09-06','148.229.21.135','DESKTOP-LUICNRD'),(183,25261,'2024-09-06','148.229.21.135','DESKTOP-LUICNRD'),(184,25261,'2024-09-06','148.229.21.135','DESKTOP-LUICNRD'),(185,8727,'2024-09-09','148.229.21.247','COMPUTO1'),(186,23040,'2024-09-09','148.229.22.101','DESKTOP-9EOPOFI'),(187,11070,'2024-09-09','148.229.20.240','ELECTRONICA-01'),(188,12548,'2024-09-09','148.229.21.135','DESKTOP-LUICNRD'),(189,23041,'2024-09-09','148.229.21.133','DESKTOP-KI503A1'),(190,23041,'2024-09-09','148.229.21.133','DESKTOP-KI503A1'),(191,7645,'2024-09-09','192.168.56.1','DESKTOP-IS7JVBG'),(192,357756,'2024-09-09','148.229.22.103','DESKTOP-0FE2HSI'),(193,12548,'2024-09-09','148.229.21.135','DESKTOP-LUICNRD'),(194,25261,'2024-09-09','148.229.22.103','DESKTOP-0FE2HSI'),(195,31152,'2024-09-09','148.229.21.247','COMPUTO1'),(196,25261,'2024-09-09','148.229.21.135','DESKTOP-LUICNRD'),(197,8727,'2024-09-10','148.229.21.247','COMPUTO1'),(198,92083,'2024-09-10','148.229.20.240','ELECTRONICA-01'),(199,12548,'2024-09-10','148.229.21.135','DESKTOP-LUICNRD'),(200,12548,'2024-09-10','148.229.21.135','DESKTOP-LUICNRD'),(201,357756,'2024-09-10','148.229.22.103','DESKTOP-0FE2HSI'),(202,31152,'2024-09-10','148.229.21.247','COMPUTO1'),(203,25261,'2024-09-10','148.229.22.103','DESKTOP-0FE2HSI'),(204,8727,'2024-09-11','148.229.21.247','COMPUTO1'),(205,11070,'2024-09-11','148.229.20.240','ELECTRONICA-01'),(206,12548,'2024-09-11','148.229.22.103','DESKTOP-0FE2HSI'),(207,7645,'2024-09-11','192.168.56.1','DESKTOP-IS7JVBG'),(208,357756,'2024-09-11','148.229.22.103','DESKTOP-0FE2HSI'),(209,31152,'2024-09-11','148.229.21.247','COMPUTO1'),(210,355208,'2024-09-11','148.229.21.135','DESKTOP-LUICNRD'),(211,25261,'2024-09-11','148.229.22.103','DESKTOP-0FE2HSI'),(212,357756,'2024-09-12','148.229.22.103','DESKTOP-0FE2HSI'),(213,8727,'2024-09-12','148.229.21.247','COMPUTO1'),(214,11070,'2024-09-12','148.229.20.240','ELECTRONICA-01'),(215,23041,'2024-09-12','148.229.21.133','DESKTOP-KI503A1'),(216,31152,'2024-09-12','148.229.21.247','COMPUTO1'),(217,12548,'2024-09-12','148.229.21.135','DESKTOP-LUICNRD'),(218,25261,'2024-09-12','148.229.22.103','DESKTOP-0FE2HSI'),(219,8727,'2024-09-13','148.229.21.247','COMPUTO1'),(220,12548,'2024-09-13','148.229.22.103','DESKTOP-0FE2HSI'),(221,11892,'2024-09-13','148.229.20.240','ELECTRONICA-01'),(222,355208,'2024-09-13','148.229.22.103','DESKTOP-0FE2HSI'),(223,355208,'2024-09-13','148.229.22.103','DESKTOP-0FE2HSI'),(224,7645,'2024-09-13','192.168.56.1','DESKTOP-IS7JVBG'),(225,23041,'2024-09-13','148.229.21.133','DESKTOP-KI503A1'),(226,12548,'2024-09-13','148.229.21.135','DESKTOP-LUICNRD'),(227,23041,'2024-09-13','148.229.21.133','DESKTOP-KI503A1'),(228,12548,'2024-09-13','148.229.21.135','DESKTOP-LUICNRD'),(229,23041,'2024-09-13','148.229.21.133','DESKTOP-KI503A1'),(230,23041,'2024-09-13','148.229.21.133','DESKTOP-KI503A1'),(231,23041,'2024-09-13','148.229.21.133','DESKTOP-KI503A1'),(232,23041,'2024-09-13','148.229.21.133','DESKTOP-KI503A1'),(233,23041,'2024-09-13','148.229.21.133','DESKTOP-KI503A1'),(234,23041,'2024-09-13','148.229.21.133','DESKTOP-KI503A1'),(235,23041,'2024-09-13','148.229.21.133','DESKTOP-KI503A1'),(236,23041,'2024-09-13','148.229.21.133','DESKTOP-KI503A1'),(237,23041,'2024-09-13','148.229.21.133','DESKTOP-KI503A1'),(238,23041,'2024-09-17','148.229.21.133','DESKTOP-KI503A1'),(239,23041,'2024-09-17','148.229.21.133','DESKTOP-KI503A1'),(240,23041,'2024-09-17','148.229.21.133','DESKTOP-KI503A1'),(241,23041,'2024-09-17','148.229.21.133','DESKTOP-KI503A1'),(242,23041,'2024-09-17','148.229.21.133','DESKTOP-KI503A1'),(243,11070,'2024-09-17','148.229.20.240','ELECTRONICA-01'),(244,8727,'2024-09-17','148.229.21.247','COMPUTO1'),(245,23041,'2024-09-17','148.229.21.133','DESKTOP-KI503A1'),(246,23041,'2024-09-17','148.229.21.133','DESKTOP-KI503A1'),(247,23041,'2024-09-17','148.229.21.133','DESKTOP-KI503A1'),(248,7645,'2024-09-17','192.168.56.1','DESKTOP-IS7JVBG'),(249,12548,'2024-09-17','148.229.21.135','DESKTOP-LUICNRD'),(250,23041,'2024-09-17','148.229.21.133','DESKTOP-KI503A1'),(251,23041,'2024-09-17','148.229.21.133','DESKTOP-KI503A1'),(252,23041,'2024-09-17','148.229.21.133','DESKTOP-KI503A1'),(253,23041,'2024-09-17','148.229.21.133','DESKTOP-KI503A1'),(254,23041,'2024-09-17','148.229.21.133','DESKTOP-KI503A1'),(255,23041,'2024-09-17','148.229.21.133','DESKTOP-KI503A1'),(256,23041,'2024-09-17','148.229.21.133','DESKTOP-KI503A1'),(257,8727,'2024-09-17','148.229.21.247','COMPUTO1'),(258,23041,'2024-09-17','148.229.21.133','DESKTOP-KI503A1'),(259,23041,'2024-09-17','148.229.21.133','DESKTOP-KI503A1'),(260,23041,'2024-09-17','148.229.21.133','DESKTOP-KI503A1'),(261,23041,'2024-09-17','148.229.21.133','DESKTOP-KI503A1'),(262,23041,'2024-09-17','148.229.21.133','DESKTOP-KI503A1'),(263,25261,'2024-09-17','148.229.22.103','DESKTOP-0FE2HSI'),(264,31152,'2024-09-17','148.229.21.247','COMPUTO1'),(265,23041,'2024-09-17','148.229.21.133','DESKTOP-KI503A1'),(266,23041,'2024-09-17','148.229.21.133','DESKTOP-KI503A1'),(267,23041,'2024-09-17','148.229.21.133','DESKTOP-KI503A1'),(268,23041,'2024-09-17','148.229.21.133','DESKTOP-KI503A1'),(269,23041,'2024-09-17','148.229.21.133','DESKTOP-KI503A1'),(270,23041,'2024-09-17','148.229.21.133','DESKTOP-KI503A1'),(271,23041,'2024-09-17','148.229.21.133','DESKTOP-KI503A1'),(272,23041,'2024-09-17','148.229.21.133','DESKTOP-KI503A1'),(273,23041,'2024-09-17','148.229.21.133','DESKTOP-KI503A1'),(274,23041,'2024-09-17','148.229.21.133','DESKTOP-KI503A1'),(275,23041,'2024-09-17','148.229.21.133','DESKTOP-KI503A1'),(276,23041,'2024-09-17','148.229.21.133','DESKTOP-KI503A1'),(277,23041,'2024-09-17','148.229.21.133','DESKTOP-KI503A1'),(278,23041,'2024-09-17','148.229.21.133','DESKTOP-KI503A1'),(279,11070,'2024-09-18','148.229.20.240','ELECTRONICA-01'),(280,8727,'2024-09-18','148.229.21.247','COMPUTO1'),(281,12548,'2024-09-18','148.229.21.135','DESKTOP-LUICNRD'),(282,12548,'2024-09-18','148.229.22.103','DESKTOP-0FE2HSI'),(283,8727,'2024-09-18','148.229.21.247','COMPUTO1'),(284,8727,'2024-09-18','148.229.21.247','COMPUTO1'),(285,31152,'2024-09-18','148.229.21.247','COMPUTO1'),(286,25261,'2024-09-18','148.229.22.103','DESKTOP-0FE2HSI'),(287,25261,'2024-09-18','148.229.22.103','DESKTOP-0FE2HSI'),(288,11892,'2024-09-19','148.229.20.240','ELECTRONICA-01'),(289,357756,'2024-09-19','148.229.22.103','DESKTOP-0FE2HSI'),(290,12548,'2024-09-19','148.229.21.135','DESKTOP-LUICNRD'),(291,23040,'2024-09-19','148.229.22.101','DESKTOP-9EOPOFI'),(292,23041,'2024-09-19','148.229.21.133','DESKTOP-KI503A1'),(293,8727,'2024-09-19','148.229.21.247','COMPUTO1'),(294,23041,'2024-09-19','148.229.21.133','DESKTOP-KI503A1'),(295,31152,'2024-09-19','148.229.21.247','COMPUTO1'),(296,8727,'2024-09-20','148.229.21.247','COMPUTO1'),(297,357756,'2024-09-20','148.229.22.103','DESKTOP-0FE2HSI'),(298,7645,'2024-09-20','192.168.56.1','DESKTOP-IS7JVBG'),(299,23040,'2024-09-20','148.229.22.101','DESKTOP-9EOPOFI'),(300,355208,'2024-09-20','148.229.22.103','DESKTOP-0FE2HSI'),(301,31152,'2024-09-20','148.229.21.247','COMPUTO1'),(302,355208,'2024-09-20','148.229.21.135','DESKTOP-LUICNRD'),(303,23041,'2024-09-20','148.229.21.133','DESKTOP-KI503A1'),(304,9190,'2024-09-20','148.229.20.240','ELECTRONICA-01'),(305,25261,'2024-09-20','148.229.22.103','DESKTOP-0FE2HSI'),(306,7645,'2024-09-20','192.168.56.1','DESKTOP-IS7JVBG'),(307,8727,'2024-09-23','148.229.21.247','COMPUTO1'),(308,7645,'2024-09-23','192.168.56.1','DESKTOP-IS7JVBG'),(309,12548,'2024-09-23','148.229.22.103','DESKTOP-0FE2HSI'),(310,12548,'2024-09-23','148.229.21.135','DESKTOP-LUICNRD'),(311,11070,'2024-09-23','148.229.20.240','ELECTRONICA-01'),(312,7645,'2024-09-23','192.168.56.1','DESKTOP-IS7JVBG'),(313,31152,'2024-09-23','148.229.21.247','COMPUTO1'),(314,23041,'2024-09-23','148.229.21.133','DESKTOP-KI503A1'),(315,25261,'2024-09-23','148.229.21.135','DESKTOP-LUICNRD'),(316,92083,'2024-09-24','148.229.20.240','ELECTRONICA-01'),(317,23041,'2024-09-24','148.229.21.133','DESKTOP-KI503A1'),(318,23041,'2024-09-24','148.229.21.133','DESKTOP-KI503A1'),(319,23041,'2024-09-24','148.229.21.133','DESKTOP-KI503A1'),(320,23041,'2024-09-24','148.229.21.133','DESKTOP-KI503A1'),(321,23041,'2024-09-24','148.229.21.133','DESKTOP-KI503A1'),(322,23041,'2024-09-24','148.229.21.133','DESKTOP-KI503A1'),(323,23041,'2024-09-24','148.229.21.133','DESKTOP-KI503A1'),(324,12548,'2024-09-24','148.229.22.103','DESKTOP-0FE2HSI'),(325,23041,'2024-09-24','148.229.21.133','DESKTOP-KI503A1'),(326,23041,'2024-09-24','148.229.21.133','DESKTOP-KI503A1'),(327,23041,'2024-09-24','148.229.21.133','DESKTOP-KI503A1'),(328,355208,'2024-09-24','148.229.21.135','DESKTOP-LUICNRD'),(329,25261,'2024-09-24','148.229.22.103','DESKTOP-0FE2HSI'),(330,31152,'2024-09-24','148.229.21.247','COMPUTO1'),(331,11070,'2024-09-25','148.229.20.240','ELECTRONICA-01'),(332,357756,'2024-09-25','148.229.22.103','DESKTOP-0FE2HSI'),(333,8727,'2024-09-25','148.229.21.247','COMPUTO1'),(334,12548,'2024-09-25','148.229.22.103','DESKTOP-0FE2HSI'),(335,23041,'2024-09-25','148.229.21.133','DESKTOP-KI503A1'),(336,31152,'2024-09-25','148.229.21.247','COMPUTO1'),(337,25261,'2024-09-25','148.229.22.103','DESKTOP-0FE2HSI'),(338,23041,'2024-09-25','148.229.21.133','DESKTOP-KI503A1'),(339,25261,'2024-09-25','148.229.21.135','DESKTOP-LUICNRD'),(340,12548,'2024-09-26','148.229.21.135','DESKTOP-LUICNRD'),(341,357756,'2024-09-26','148.229.22.103','DESKTOP-0FE2HSI'),(342,92083,'2024-09-26','148.229.20.240','ELECTRONICA-01'),(343,23041,'2024-09-26','148.229.21.133','DESKTOP-KI503A1'),(344,23040,'2024-09-26','148.229.22.101','DESKTOP-9EOPOFI'),(345,23040,'2024-09-26','148.229.22.101','DESKTOP-9EOPOFI'),(346,31152,'2024-09-26','148.229.21.247','COMPUTO1'),(347,25261,'2024-09-26','148.229.22.103','DESKTOP-0FE2HSI'),(348,11070,'2024-09-27','148.229.20.240','ELECTRONICA-01'),(349,12548,'2024-09-27','148.229.22.103','DESKTOP-0FE2HSI'),(350,23041,'2024-09-27','148.229.21.133','DESKTOP-KI503A1'),(351,23041,'2024-09-27','148.229.21.133','DESKTOP-KI503A1'),(352,23041,'2024-09-27','148.229.21.133','DESKTOP-KI503A1'),(353,23041,'2024-09-27','148.229.21.133','DESKTOP-KI503A1'),(354,23041,'2024-09-27','148.229.21.133','DESKTOP-KI503A1'),(355,23041,'2024-09-27','148.229.21.133','DESKTOP-KI503A1'),(356,23041,'2024-09-27','148.229.21.133','DESKTOP-KI503A1'),(357,23041,'2024-09-27','148.229.21.133','DESKTOP-KI503A1'),(358,23041,'2024-09-27','148.229.21.133','DESKTOP-KI503A1'),(359,23041,'2024-09-27','148.229.21.133','DESKTOP-KI503A1'),(360,12548,'2024-09-27','148.229.21.135','DESKTOP-LUICNRD'),(361,23041,'2024-09-27','148.229.21.133','DESKTOP-KI503A1'),(362,25261,'2024-09-27','148.229.21.135','DESKTOP-LUICNRD'),(363,25261,'2024-09-27','148.229.22.103','DESKTOP-0FE2HSI'),(364,25261,'2024-09-27','148.229.22.103','DESKTOP-0FE2HSI'),(365,25261,'2024-09-27','148.229.22.103','DESKTOP-0FE2HSI'),(366,25261,'2024-09-27','148.229.22.103','DESKTOP-0FE2HSI'),(367,25261,'2024-09-27','148.229.22.103','DESKTOP-0FE2HSI'),(368,12548,'2024-09-30','148.229.22.103','DESKTOP-0FE2HSI'),(369,12548,'2024-09-30','148.229.21.135','DESKTOP-LUICNRD'),(370,8727,'2024-09-30','148.229.21.247','COMPUTO1'),(371,31152,'2024-09-30','148.229.21.247','COMPUTO1'),(372,11892,'2024-09-30','148.229.20.240','ELECTRONICA-01'),(373,23040,'2024-10-02','148.229.22.101','DESKTOP-9EOPOFI'),(374,12548,'2024-10-02','148.229.22.103','DESKTOP-0FE2HSI'),(375,12548,'2024-10-02','148.229.22.103','DESKTOP-0FE2HSI'),(376,7645,'2024-10-02','192.168.56.1','DESKTOP-IS7JVBG'),(377,23040,'2024-10-02','148.229.21.135','DESKTOP-LUICNRD'),(378,23041,'2024-10-02','148.229.21.133','DESKTOP-KI503A1'),(379,12548,'2024-10-02','148.229.22.103','DESKTOP-0FE2HSI'),(380,11892,'2024-10-02','148.229.20.240','ELECTRONICA-01'),(381,357756,'2024-10-02','148.229.22.103','DESKTOP-0FE2HSI'),(382,357756,'2024-10-02','148.229.21.135','DESKTOP-LUICNRD'),(383,357756,'2024-10-02','148.229.21.135','DESKTOP-LUICNRD'),(384,23041,'2024-10-02','148.229.21.133','DESKTOP-KI503A1'),(385,31152,'2024-10-02','148.229.21.247','COMPUTO1'),(386,25261,'2024-10-02','148.229.22.103','DESKTOP-0FE2HSI'),(387,25261,'2024-10-02','148.229.22.103','DESKTOP-0FE2HSI'),(388,11892,'2024-10-03','148.229.20.240','ELECTRONICA-01'),(389,12548,'2024-10-03','148.229.22.103','DESKTOP-0FE2HSI'),(390,23041,'2024-10-03','148.229.21.133','DESKTOP-KI503A1'),(391,12548,'2024-10-03','148.229.21.135','DESKTOP-LUICNRD'),(392,31152,'2024-10-03','148.229.21.247','COMPUTO1'),(393,11070,'2024-10-04','148.229.21.247','COMPUTO1'),(394,367537,'2024-10-04','148.229.22.103','DESKTOP-0FE2HSI'),(395,357756,'2024-10-04','148.229.22.103','DESKTOP-0FE2HSI'),(396,7645,'2024-10-04','192.168.56.1','DESKTOP-IS7JVBG'),(397,11070,'2024-10-04','148.229.20.240','ELECTRONICA-01'),(398,12548,'2024-10-04','148.229.22.103','DESKTOP-0FE2HSI'),(399,12548,'2024-10-04','148.229.21.135','DESKTOP-LUICNRD'),(400,23040,'2024-10-04','148.229.22.101','DESKTOP-9EOPOFI'),(401,12548,'2024-10-04','148.229.22.103','DESKTOP-0FE2HSI'),(402,25261,'2024-10-04','148.229.22.103','DESKTOP-0FE2HSI'),(403,31152,'2024-10-04','148.229.21.247','COMPUTO1'),(404,367537,'2024-10-07','148.229.22.103','DESKTOP-0FE2HSI'),(405,12548,'2024-10-07','148.229.21.135','DESKTOP-LUICNRD'),(406,357756,'2024-10-07','148.229.22.103','DESKTOP-0FE2HSI'),(407,12548,'2024-10-07','148.229.21.135','DESKTOP-LUICNRD'),(408,25261,'2024-10-07','148.229.22.103','DESKTOP-0FE2HSI'),(409,12548,'2024-10-08','148.229.21.135','DESKTOP-LUICNRD'),(410,25261,'2024-10-08','148.229.22.103','DESKTOP-0FE2HSI'),(411,357756,'2024-10-09','148.229.21.135','DESKTOP-LUICNRD'),(412,357756,'2024-10-09','148.229.22.103','DESKTOP-0FE2HSI'),(413,9190,'2024-10-09','148.229.20.240','ELECTRONICA-01'),(414,25261,'2024-10-09','148.229.22.103','DESKTOP-0FE2HSI'),(415,357756,'2024-10-10','148.229.22.103','DESKTOP-0FE2HSI'),(416,23041,'2024-10-11','148.229.21.133','DESKTOP-KI503A1'),(417,23040,'2024-10-14','148.229.22.101','DESKTOP-9EOPOFI'),(418,23041,'2024-10-14','148.229.21.133','ISAAC'),(419,23040,'2024-10-14','148.229.22.101','DESKTOP-9EOPOFI'),(420,23041,'2024-10-14','148.229.21.133','ISAAC'),(421,12548,'2024-10-14','148.229.22.103','DESKTOP-0FE2HSI'),(422,9190,'2024-10-14','148.229.20.240','ELECTRONICA-01'),(423,7645,'2024-10-14','148.229.20.253','DESKTOP-IS7JVBG'),(424,8727,'2024-10-14','148.229.22.55','COMPUTO1'),(425,12548,'2024-10-14','148.229.22.103','DESKTOP-0FE2HSI'),(426,12548,'2024-10-14','148.229.21.135','DESKTOP-LUICNRD'),(427,25261,'2024-10-14','148.229.22.103','DESKTOP-0FE2HSI'),(428,31152,'2024-10-14','148.229.22.55','COMPUTO1'),(429,12548,'2024-10-15','148.229.22.103','DESKTOP-0FE2HSI'),(430,23041,'2024-10-15','148.229.21.133','ISAAC'),(431,8727,'2024-10-15','148.229.22.55','COMPUTO1'),(432,11892,'2024-10-15','148.229.20.240','ELECTRONICA-01'),(433,7645,'2024-10-15','148.229.20.253','DESKTOP-IS7JVBG'),(434,12548,'2024-10-15','148.229.22.103','DESKTOP-0FE2HSI'),(435,12548,'2024-10-15','148.229.22.103','DESKTOP-0FE2HSI'),(436,25261,'2024-10-15','148.229.21.135','DESKTOP-LUICNRD'),(437,31152,'2024-10-15','148.229.22.55','COMPUTO1'),(438,31152,'2024-10-15','148.229.22.55','COMPUTO1'),(439,92083,'2024-10-16','148.229.20.240','ELECTRONICA-01'),(440,357756,'2024-10-16','148.229.22.103','DESKTOP-0FE2HSI'),(441,12548,'2024-10-16','148.229.21.135','DESKTOP-LUICNRD'),(442,7645,'2024-10-16','148.229.20.253','DESKTOP-IS7JVBG'),(443,8727,'2024-10-16','148.229.22.55','COMPUTO1'),(444,31152,'2024-10-16','148.229.22.55','COMPUTO1'),(445,11892,'2024-10-17','148.229.20.240','ELECTRONICA-01'),(446,12548,'2024-10-17','148.229.21.135','DESKTOP-LUICNRD'),(447,8727,'2024-10-17','148.229.22.55','COMPUTO1'),(448,12548,'2024-10-17','148.229.22.103','DESKTOP-0FE2HSI'),(449,23041,'2024-10-17','148.229.21.133','ISAAC'),(450,8727,'2024-10-17','148.229.22.55','COMPUTO1'),(451,23041,'2024-10-17','148.229.21.133','ISAAC'),(452,7645,'2024-10-17','148.229.20.253','DESKTOP-IS7JVBG'),(453,23041,'2024-10-17','148.229.21.133','ISAAC'),(454,23041,'2024-10-17','148.229.21.133','ISAAC'),(455,23041,'2024-10-17','148.229.21.133','ISAAC'),(456,31152,'2024-10-17','148.229.22.55','COMPUTO1'),(457,25261,'2024-10-17','148.229.22.103','DESKTOP-0FE2HSI'),(458,8727,'2024-10-18','148.229.22.55','COMPUTO1'),(459,11070,'2024-10-18','148.229.20.240','ELECTRONICA-01'),(460,367537,'2024-10-18','148.229.22.103','DESKTOP-0FE2HSI'),(461,12548,'2024-10-18','148.229.22.103','DESKTOP-0FE2HSI'),(462,23041,'2024-10-18','148.229.21.133','ISAAC'),(463,357756,'2024-10-21','148.229.22.103','DESKTOP-0FE2HSI'),(464,12548,'2024-10-21','148.229.21.135','DESKTOP-LUICNRD'),(465,11070,'2024-10-21','148.229.20.240','ELECTRONICA-01'),(466,23040,'2024-10-21','148.229.22.101','DESKTOP-9EOPOFI'),(467,12548,'2024-10-21','148.229.22.103','DESKTOP-0FE2HSI'),(468,23040,'2024-10-21','148.229.22.101','DESKTOP-9EOPOFI'),(469,23041,'2024-10-21','148.229.21.133','ISAAC'),(470,8727,'2024-10-22','148.229.22.55','COMPUTO1'),(471,92083,'2024-10-22','148.229.20.240','ELECTRONICA-01'),(472,7645,'2024-10-22','148.229.20.253','DESKTOP-IS7JVBG'),(473,7645,'2024-10-22','148.229.20.253','DESKTOP-IS7JVBG'),(474,23041,'2024-10-22','148.229.21.133','ISAAC'),(475,25261,'2024-10-22','148.229.22.103','DESKTOP-0FE2HSI'),(476,11892,'2024-10-23','148.229.20.240','ELECTRONICA-01'),(477,8727,'2024-10-23','148.229.22.55','COMPUTO1'),(478,23041,'2024-10-23','148.229.21.133','ISAAC'),(479,7645,'2024-10-23','148.229.20.253','DESKTOP-IS7JVBG'),(480,23040,'2024-10-23','148.229.22.101','DESKTOP-9EOPOFI'),(481,357756,'2024-10-23','148.229.22.103','DESKTOP-0FE2HSI'),(482,12548,'2024-10-23','148.229.21.135','DESKTOP-LUICNRD'),(483,8727,'2024-10-23','148.229.22.55','COMPUTO1'),(484,25261,'2024-10-23','148.229.22.103','DESKTOP-0FE2HSI'),(485,92083,'2024-10-24','148.229.20.240','ELECTRONICA-01'),(486,8727,'2024-10-24','148.229.22.55','COMPUTO1'),(487,23041,'2024-10-24','148.229.21.133','ISAAC'),(488,367537,'2024-10-24','148.229.22.103','DESKTOP-0FE2HSI'),(489,12548,'2024-10-24','148.229.21.135','DESKTOP-LUICNRD'),(490,12548,'2024-10-24','148.229.21.135','DESKTOP-LUICNRD'),(491,12548,'2024-10-24','148.229.22.103','DESKTOP-0FE2HSI'),(492,7645,'2024-10-24','148.229.20.253','DESKTOP-IS7JVBG'),(493,25261,'2024-10-24','148.229.22.103','DESKTOP-0FE2HSI'),(494,8727,'2024-10-25','148.229.22.55','COMPUTO1'),(495,23041,'2024-10-25','148.229.21.133','ISAAC'),(496,23041,'2024-10-25','148.229.21.133','ISAAC'),(497,357756,'2024-10-25','148.229.22.103','DESKTOP-0FE2HSI'),(498,92083,'2024-10-25','148.229.20.240','ELECTRONICA-01'),(499,12548,'2024-10-25','148.229.21.135','DESKTOP-LUICNRD'),(500,8727,'2024-10-28','148.229.22.55','COMPUTO1'),(501,12548,'2024-10-28','148.229.21.135','DESKTOP-LUICNRD'),(502,92083,'2024-10-28','148.229.20.240','ELECTRONICA-01'),(503,23041,'2024-10-28','148.229.21.133','ISAAC'),(504,12548,'2024-10-28','148.229.22.103','DESKTOP-0FE2HSI'),(505,23040,'2024-10-28','148.229.22.101','DESKTOP-9EOPOFI'),(506,7645,'2024-10-28','148.229.20.253','DESKTOP-IS7JVBG'),(507,7645,'2024-10-28','148.229.20.253','DESKTOP-IS7JVBG'),(508,23040,'2024-10-28','148.229.22.101','DESKTOP-9EOPOFI'),(509,25261,'2024-10-28','148.229.22.103','DESKTOP-0FE2HSI'),(510,31152,'2024-10-28','148.229.22.55','COMPUTO1'),(511,92083,'2024-10-29','148.229.20.240','ELECTRONICA-01'),(512,8727,'2024-10-29','148.229.22.55','COMPUTO1'),(513,7645,'2024-10-29','148.229.20.253','DESKTOP-IS7JVBG'),(514,12548,'2024-10-29','148.229.21.135','DESKTOP-LUICNRD'),(515,23040,'2024-10-29','148.229.22.101','DESKTOP-9EOPOFI'),(516,25261,'2024-10-29','148.229.22.103','DESKTOP-0FE2HSI'),(517,23041,'2024-10-29','148.229.21.133','ISAAC'),(518,31152,'2024-10-29','148.229.22.55','COMPUTO1'),(519,23041,'2024-10-29','148.229.21.133','ISAAC'),(520,7645,'2024-10-29','148.229.20.253','DESKTOP-IS7JVBG'),(521,92083,'2024-10-30','148.229.20.240','ELECTRONICA-01'),(522,367537,'2024-10-30','148.229.22.103','DESKTOP-0FE2HSI'),(523,12548,'2024-10-30','148.229.21.135','DESKTOP-LUICNRD'),(524,8727,'2024-10-30','148.229.22.55','COMPUTO1'),(525,25261,'2024-10-30','148.229.22.103','DESKTOP-0FE2HSI'),(526,92083,'2024-10-31','148.229.20.240','ELECTRONICA-01'),(527,12548,'2024-10-31','148.229.22.103','DESKTOP-0FE2HSI'),(528,12548,'2024-10-31','148.229.22.103','DESKTOP-0FE2HSI'),(529,12548,'2024-10-31','148.229.21.135','DESKTOP-LUICNRD'),(530,8727,'2024-10-31','148.229.22.55','COMPUTO1'),(531,23041,'2024-10-31','148.229.21.133','ISAAC'),(532,25261,'2024-10-31','148.229.22.103','DESKTOP-0FE2HSI'),(533,7645,'2024-10-31','148.229.20.253','DESKTOP-IS7JVBG'),(534,92083,'2024-11-04','148.229.20.240','ELECTRONICA-01'),(535,8727,'2024-11-04','148.229.22.55','COMPUTO1'),(536,367537,'2024-11-04','148.229.22.103','DESKTOP-0FE2HSI'),(537,7645,'2024-11-04','148.229.20.253','DESKTOP-IS7JVBG'),(538,31152,'2024-11-04','148.229.22.55','COMPUTO1'),(539,25261,'2024-11-04','148.229.22.103','DESKTOP-0FE2HSI'),(540,8727,'2024-11-05','148.229.22.55','COMPUTO1'),(541,12548,'2024-11-05','148.229.21.135','DESKTOP-LUICNRD'),(542,12548,'2024-11-05','148.229.22.103','DESKTOP-0FE2HSI'),(543,11070,'2024-11-05','148.229.20.240','ELECTRONICA-01'),(544,7645,'2024-11-05','148.229.20.253','DESKTOP-IS7JVBG'),(545,7645,'2024-11-05','148.229.20.253','DESKTOP-IS7JVBG'),(546,25261,'2024-11-05','148.229.22.103','DESKTOP-0FE2HSI'),(547,25261,'2024-11-05','148.229.22.103','DESKTOP-0FE2HSI'),(548,11070,'2024-11-06','148.229.20.240','ELECTRONICA-01'),(549,8727,'2024-11-06','148.229.22.55','COMPUTO1'),(550,8727,'2024-11-06','148.229.22.55','COMPUTO1'),(551,23040,'2024-11-06','148.229.22.103','DESKTOP-0FE2HSI'),(552,23040,'2024-11-06','148.229.22.103','DESKTOP-0FE2HSI'),(553,357756,'2024-11-06','148.229.22.103','DESKTOP-0FE2HSI'),(554,12548,'2024-11-06','148.229.22.103','DESKTOP-0FE2HSI'),(555,12548,'2024-11-06','148.229.21.135','DESKTOP-LUICNRD'),(556,8727,'2024-11-07','148.229.22.55','COMPUTO1'),(557,357756,'2024-11-07','148.229.22.103','DESKTOP-0FE2HSI'),(558,23041,'2024-11-07','148.229.21.133','ISAAC'),(559,23041,'2024-11-07','148.229.21.133','ISAAC'),(560,8727,'2024-11-07','148.229.22.55','COMPUTO1'),(561,8727,'2024-11-07','148.229.22.55','COMPUTO1'),(562,11070,'2024-11-07','148.229.20.240','ELECTRONICA-01'),(563,357756,'2024-11-07','148.229.22.103','DESKTOP-0FE2HSI'),(564,362412,'2024-11-07','148.229.22.103','DESKTOP-0FE2HSI'),(565,8727,'2024-11-08','148.229.22.55','COMPUTO1'),(566,357756,'2024-11-08','148.229.22.103','DESKTOP-0FE2HSI'),(567,92083,'2024-11-08','148.229.20.240','ELECTRONICA-01'),(568,7645,'2024-11-08','148.229.20.253','DESKTOP-IS7JVBG'),(569,12548,'2024-11-08','148.229.21.135','DESKTOP-LUICNRD'),(570,7645,'2024-11-08','148.229.20.253','DESKTOP-IS7JVBG'),(571,25261,'2024-11-08','148.229.22.103','DESKTOP-0FE2HSI'),(572,8727,'2024-11-09','148.229.22.55','COMPUTO1'),(573,8727,'2024-11-11','148.229.22.55','COMPUTO1'),(574,92083,'2024-11-11','148.229.20.240','ELECTRONICA-01'),(575,357756,'2024-11-11','148.229.22.103','DESKTOP-0FE2HSI'),(576,23041,'2024-11-11','148.229.21.133','ISAAC'),(577,31152,'2024-11-11','148.229.22.55','COMPUTO1'),(578,25261,'2024-11-11','148.229.22.103','DESKTOP-0FE2HSI'),(579,92083,'2024-11-12','148.229.20.240','ELECTRONICA-01'),(580,357756,'2024-11-12','148.229.22.103','DESKTOP-0FE2HSI'),(581,12548,'2024-11-12','148.229.21.135','DESKTOP-LUICNRD'),(582,92083,'2024-11-13','148.229.20.240','ELECTRONICA-01'),(583,12548,'2024-11-13','148.229.22.103','DESKTOP-0FE2HSI'),(584,8727,'2024-11-13','148.229.22.55','COMPUTO1'),(585,12548,'2024-11-13','148.229.22.103','DESKTOP-0FE2HSI'),(586,12548,'2024-11-13','148.229.21.135','DESKTOP-LUICNRD'),(587,7645,'2024-11-13','148.229.20.253','DESKTOP-IS7JVBG'),(588,8727,'2024-11-13','148.229.22.55','COMPUTO1'),(589,23041,'2024-11-13','148.229.21.133','ISAAC'),(590,7645,'2024-11-13','148.229.20.253','DESKTOP-IS7JVBG'),(591,8727,'2024-11-14','148.229.22.55','COMPUTO1'),(592,23041,'2024-11-14','148.229.21.133','ISAAC'),(593,23041,'2024-11-14','148.229.21.133','ISAAC'),(594,23041,'2024-11-14','148.229.21.133','ISAAC'),(595,23041,'2024-11-14','148.229.21.133','ISAAC'),(596,23041,'2024-11-14','148.229.21.133','ISAAC'),(597,23041,'2024-11-14','148.229.21.133','ISAAC'),(598,23041,'2024-11-14','148.229.21.133','ISAAC'),(599,23041,'2024-11-14','148.229.21.133','ISAAC'),(600,357756,'2024-11-14','148.229.22.103','DESKTOP-0FE2HSI'),(601,23041,'2024-11-14','148.229.21.133','ISAAC'),(602,23041,'2024-11-14','148.229.21.133','ISAAC'),(603,8727,'2024-11-14','148.229.22.55','COMPUTO1'),(604,357756,'2024-11-14','148.229.22.103','DESKTOP-0FE2HSI'),(605,23041,'2024-11-14','148.229.21.133','ISAAC'),(606,23041,'2024-11-14','148.229.21.133','ISAAC'),(607,23041,'2024-11-14','148.229.21.133','ISAAC'),(608,23041,'2024-11-14','148.229.21.133','ISAAC'),(609,23041,'2024-11-14','148.229.21.133','ISAAC'),(610,23041,'2024-11-14','148.229.21.133','ISAAC'),(611,23041,'2024-11-14','148.229.21.133','ISAAC'),(612,23041,'2024-11-14','148.229.21.133','ISAAC'),(613,23041,'2024-11-14','148.229.21.133','ISAAC'),(614,23041,'2024-11-14','148.229.21.133','ISAAC'),(615,23041,'2024-11-14','148.229.21.133','ISAAC'),(616,362412,'2024-11-14','148.229.22.103','DESKTOP-0FE2HSI'),(617,23041,'2024-11-14','148.229.21.133','ISAAC'),(618,23041,'2024-11-14','148.229.21.133','ISAAC'),(619,23041,'2024-11-14','148.229.21.133','ISAAC'),(620,23041,'2024-11-14','148.229.21.133','ISAAC'),(621,23041,'2024-11-14','148.229.21.133','ISAAC'),(622,23041,'2024-11-14','148.229.21.133','ISAAC'),(623,23041,'2024-11-14','148.229.21.133','ISAAC'),(624,23041,'2024-11-14','148.229.21.133','ISAAC'),(625,23041,'2024-11-14','148.229.21.133','ISAAC'),(626,23041,'2024-11-14','148.229.21.133','ISAAC'),(627,23041,'2024-11-14','148.229.21.133','ISAAC'),(628,23041,'2024-11-14','148.229.21.133','ISAAC'),(629,23041,'2024-11-14','148.229.21.133','ISAAC'),(630,23041,'2024-11-14','148.229.21.133','ISAAC'),(631,262001,'2024-11-14','148.229.21.133','ISAAC'),(632,23041,'2024-11-14','148.229.21.133','ISAAC'),(633,23041,'2024-11-14','148.229.21.133','ISAAC'),(634,262001,'2024-11-14','148.229.21.133','ISAAC'),(635,262001,'2024-11-14','148.229.21.133','ISAAC'),(636,11892,'2024-11-14','148.229.20.240','ELECTRONICA-01'),(637,23041,'2024-11-15','148.229.21.133','ISAAC'),(638,23041,'2024-11-15','148.229.21.133','ISAAC'),(639,357756,'2024-11-15','148.229.22.103','DESKTOP-0FE2HSI'),(640,23041,'2024-11-15','148.229.21.133','ISAAC'),(641,23041,'2024-11-15','148.229.21.133','ISAAC'),(642,23041,'2024-11-15','148.229.21.133','ISAAC'),(643,23041,'2024-11-15','148.229.21.133','ISAAC'),(644,23041,'2024-11-15','148.229.21.133','ISAAC'),(645,12548,'2024-11-15','148.229.21.135','DESKTOP-LUICNRD'),(646,23041,'2024-11-15','148.229.21.133','ISAAC'),(647,11892,'2024-11-15','148.229.20.240','ELECTRONICA-01'),(648,8727,'2024-11-19','148.229.22.55','COMPUTO1'),(649,12548,'2024-11-19','148.229.22.103','DESKTOP-0FE2HSI'),(650,362412,'2024-11-19','148.229.22.103','DESKTOP-0FE2HSI'),(651,12548,'2024-11-19','148.229.21.135','DESKTOP-LUICNRD'),(652,25261,'2024-11-19','148.229.22.103','DESKTOP-0FE2HSI'),(653,11892,'2024-11-19','148.229.20.240','ELECTRONICA-01'),(654,8727,'2024-11-20','148.229.22.55','COMPUTO1'),(655,357756,'2024-11-20','148.229.22.103','DESKTOP-0FE2HSI'),(656,23040,'2024-11-20','148.229.22.101','DESKTOP-9EOPOFI'),(657,7645,'2024-11-20','192.168.56.1','DESKTOP-IS7JVBG'),(658,25261,'2024-11-20','148.229.22.103','DESKTOP-0FE2HSI'),(659,31152,'2024-11-20','148.229.22.55','COMPUTO1'),(660,11892,'2024-11-20','148.229.20.240','ELECTRONICA-01'),(661,8727,'2024-11-21','148.229.22.55','COMPUTO1'),(662,12548,'2024-11-21','148.229.21.135','DESKTOP-LUICNRD'),(663,367537,'2024-11-21','148.229.22.103','DESKTOP-0FE2HSI'),(664,11892,'2024-11-21','148.229.20.240','ELECTRONICA-01'),(665,12548,'2024-11-22','148.229.21.135','DESKTOP-LUICNRD'),(666,12548,'2024-11-22','148.229.22.103','DESKTOP-0FE2HSI'),(667,31152,'2024-11-22','148.229.22.55','COMPUTO1'),(668,11892,'2024-11-22','148.229.20.240','ELECTRONICA-01'),(669,23041,'2024-11-25','148.229.21.133','ISAAC'),(670,11070,'2024-11-25','148.229.20.240','ELECTRONICA-01'),(671,12548,'2024-11-25','148.229.21.135','DESKTOP-LUICNRD'),(672,362412,'2024-11-25','148.229.21.135','DESKTOP-LUICNRD'),(673,12548,'2024-11-26','148.229.21.135','DESKTOP-LUICNRD'),(674,357756,'2024-11-26','148.229.22.103','DESKTOP-0FE2HSI'),(675,31152,'2024-11-26','148.229.22.55','COMPUTO1'),(676,92083,'2024-11-26','148.229.20.240','ELECTRONICA-01'),(677,25261,'2024-11-26','148.229.22.103','DESKTOP-0FE2HSI'),(678,8727,'2024-11-27','148.229.22.55','COMPUTO1'),(679,92083,'2024-11-27','148.229.20.240','ELECTRONICA-01'),(680,365236,'2024-11-27','148.229.22.103','DESKTOP-0FE2HSI'),(681,357756,'2024-11-27','148.229.22.103','DESKTOP-0FE2HSI'),(682,23041,'2024-11-27','148.229.21.133','ISAAC'),(683,23041,'2024-11-27','148.229.21.133','ISAAC'),(684,362412,'2024-11-27','148.229.21.135','DESKTOP-LUICNRD'),(685,362412,'2024-11-27','148.229.21.135','DESKTOP-LUICNRD'),(686,23041,'2024-11-27','148.229.21.133','ISAAC'),(687,23041,'2024-11-27','148.229.21.133','ISAAC'),(688,92083,'2024-11-28','148.229.20.240','ELECTRONICA-01'),(689,7645,'2024-11-28','192.168.56.1','DESKTOP-IS7JVBG'),(690,357756,'2024-11-28','148.229.22.103','DESKTOP-0FE2HSI'),(691,23041,'2024-11-28','148.229.21.133','ISAAC'),(692,357756,'2024-11-29','148.229.22.103','DESKTOP-0FE2HSI'),(693,12548,'2024-11-29','148.229.21.135','DESKTOP-LUICNRD'),(694,11892,'2024-11-29','148.229.20.240','ELECTRONICA-01'),(695,23041,'2024-12-02','148.229.21.133','ISAAC'),(696,23041,'2024-12-02','148.229.21.133','ISAAC'),(697,365236,'2024-12-02','148.229.22.103','DESKTOP-0FE2HSI'),(698,359858,'2024-12-02','148.229.22.103','DESKTOP-0FE2HSI'),(699,359858,'2024-12-02','148.229.22.103','DESKTOP-0FE2HSI'),(700,23041,'2024-12-02','148.229.21.133','ISAAC'),(701,12548,'2024-12-03','148.229.21.135','DESKTOP-LUICNRD'),(702,359858,'2024-12-03','148.229.22.103','DESKTOP-0FE2HSI'),(703,23041,'2024-12-03','148.229.21.133','ISAAC'),(704,23041,'2024-12-03','148.229.21.133','ISAAC'),(705,362412,'2024-12-03','148.229.22.103','DESKTOP-0FE2HSI'),(706,25261,'2024-12-03','148.229.22.103','DESKTOP-0FE2HSI'),(707,23040,'2024-12-03','148.229.22.101','DESKTOP-9EOPOFI'),(708,8727,'2024-12-04','148.229.22.55','COMPUTO1'),(709,12548,'2024-12-04','148.229.21.135','DESKTOP-LUICNRD'),(710,23041,'2024-12-04','148.229.21.133','ISAAC'),(711,23041,'2024-12-04','148.229.21.96','DESKTOP-QQU8FO3'),(712,23041,'2024-12-04','148.229.21.133','ISAAC'),(713,23041,'2024-12-05','148.229.21.133','ISAAC'),(714,367537,'2024-12-05','148.229.22.103','DESKTOP-0FE2HSI'),(715,23041,'2024-12-05','148.229.21.133','ISAAC'),(716,23040,'2024-12-06','148.229.22.101','DESKTOP-9EOPOFI'),(717,12548,'2024-12-06','148.229.21.135','DESKTOP-LUICNRD'),(718,23040,'2024-12-06','148.229.22.101','DESKTOP-9EOPOFI'),(719,23041,'2024-12-06','148.229.21.133','ISAAC'),(720,25261,'2024-12-06','148.229.22.103','DESKTOP-0FE2HSI'),(721,23041,'2024-12-09','148.229.21.133','ISAAC'),(722,23041,'2024-12-09','148.229.21.133','ISAAC'),(723,23041,'2024-12-09','148.229.21.133','ISAAC'),(724,23041,'2024-12-09','148.229.21.133','ISAAC'),(725,23041,'2024-12-09','148.229.21.133','ISAAC'),(726,23041,'2024-12-09','148.229.21.133','ISAAC'),(727,23041,'2024-12-09','148.229.21.133','ISAAC'),(728,23041,'2024-12-09','148.229.21.133','ISAAC'),(729,23041,'2024-12-09','148.229.21.133','ISAAC'),(730,23041,'2024-12-09','148.229.21.133','ISAAC'),(731,23041,'2024-12-09','148.229.21.133','ISAAC'),(732,23041,'2024-12-09','148.229.21.133','ISAAC'),(733,8727,'2024-12-09','148.229.22.55','COMPUTO1'),(734,23040,'2024-12-09','148.229.22.101','DESKTOP-9EOPOFI'),(735,23040,'2024-12-09','148.229.22.101','DESKTOP-9EOPOFI'),(736,23040,'2024-12-09','148.229.22.101','DESKTOP-9EOPOFI'),(737,23041,'2024-12-09','148.229.21.133','ISAAC'),(738,23041,'2024-12-10','148.229.21.133','ISAAC'),(739,23040,'2024-12-10','148.229.22.101','DESKTOP-9EOPOFI'),(740,8727,'2024-12-10','148.229.22.55','COMPUTO1'),(741,23040,'2024-12-10','148.229.22.101','DESKTOP-9EOPOFI'),(742,23041,'2024-12-10','148.229.21.133','ISAAC'),(743,23040,'2024-12-10','148.229.22.101','DESKTOP-9EOPOFI'),(744,23040,'2024-12-10','148.229.22.101','DESKTOP-9EOPOFI'),(745,23041,'2024-12-10','148.229.21.133','ISAAC'),(746,25261,'2024-12-10','148.229.22.103','DESKTOP-0FE2HSI'),(747,23041,'2024-12-11','148.229.21.133','ISAAC'),(748,262001,'2024-12-11','148.229.21.133','ISAAC'),(749,23041,'2024-12-11','148.229.21.133','ISAAC'),(750,23041,'2024-12-11','148.229.21.133','ISAAC'),(751,23040,'2024-12-11','148.229.22.101','DESKTOP-9EOPOFI'),(752,23040,'2024-12-11','148.229.22.101','DESKTOP-9EOPOFI'),(753,31152,'2024-12-11','148.229.22.55','COMPUTO1'),(754,23041,'2024-12-11','148.229.21.133','ISAAC'),(755,23041,'2024-12-13','148.229.21.133','ISAAC'),(756,12548,'2024-12-13','148.229.21.135','DESKTOP-LUICNRD'),(757,23041,'2024-12-16','148.229.21.133','ISAAC'),(758,23041,'2024-12-16','148.229.21.133','ISAAC'),(759,23041,'2024-12-16','148.229.21.133','ISAAC'),(760,8727,'2024-12-16','148.229.22.55','COMPUTO1'),(761,23041,'2024-12-16','148.229.21.133','ISAAC'),(762,8727,'2024-12-16','148.229.22.55','COMPUTO1'),(763,23041,'2024-12-16','148.229.21.133','ISAAC'),(764,23041,'2024-12-16','148.229.21.133','ISAAC'),(765,23041,'2024-12-17','148.229.21.133','ISAAC'),(766,12548,'2024-12-17','148.229.21.135','DESKTOP-LUICNRD'),(767,23041,'2024-12-17','148.229.21.133','ISAAC'),(768,23041,'2024-12-17','148.229.21.133','ISAAC'),(769,23041,'2024-12-17','148.229.21.133','ISAAC'),(770,12548,'2024-12-19','148.229.21.135','DESKTOP-LUICNRD'),(771,365236,'2024-12-19','148.229.22.103','DESKTOP-0FE2HSI'),(772,23040,'2024-12-19','148.229.22.101','DESKTOP-9EOPOFI'),(773,23040,'2024-12-19','148.229.22.101','DESKTOP-9EOPOFI'),(774,359858,'2024-12-19','148.229.22.103','DESKTOP-0FE2HSI'),(775,359858,'2024-12-19','148.229.22.103','DESKTOP-0FE2HSI'),(776,359858,'2024-12-20','148.229.22.103','DESKTOP-0FE2HSI'),(777,23041,'2024-12-20','148.229.21.133','ISAAC'),(778,23040,'2024-12-20','148.229.22.101','DESKTOP-9EOPOFI'),(779,23041,'2024-12-20','148.229.21.133','ISAAC'),(780,23041,'2025-01-07','148.229.21.133','ISAAC'),(781,12548,'2025-01-07','148.229.21.135','DESKTOP-LUICNRD'),(782,23041,'2025-01-07','148.229.21.133','ISAAC'),(783,365236,'2025-01-07','148.229.22.103','DESKTOP-0FE2HSI'),(784,367537,'2025-01-08','148.229.22.103','DESKTOP-0FE2HSI'),(785,23041,'2025-01-08','148.229.21.133','ISAAC'),(786,23041,'2025-01-08','148.229.21.133','ISAAC'),(787,367537,'2025-01-08','148.229.22.103','DESKTOP-0FE2HSI'),(788,23041,'2025-01-08','148.229.21.133','ISAAC'),(789,23041,'2025-01-09','148.229.21.133','ISAAC'),(790,365236,'2025-01-09','148.229.22.103','DESKTOP-0FE2HSI'),(791,23041,'2025-01-09','148.229.21.133','ISAAC'),(792,367537,'2025-01-10','148.229.22.103','DESKTOP-0FE2HSI'),(793,367537,'2025-01-10','148.229.22.103','DESKTOP-0FE2HSI'),(794,12548,'2025-01-13','148.229.21.135','DESKTOP-LUICNRD'),(795,23041,'2025-01-13','148.229.21.133','ISAAC'),(796,359858,'2025-01-13','148.229.22.103','DESKTOP-0FE2HSI'),(797,12548,'2025-01-14','148.229.21.135','DESKTOP-LUICNRD'),(798,23041,'2025-01-14','148.229.21.133','ISAAC'),(799,367537,'2025-01-14','148.229.22.103','DESKTOP-0FE2HSI'),(800,25261,'2025-01-14','148.229.22.103','DESKTOP-0FE2HSI'),(801,23040,'2025-01-14','148.229.22.101','DESKTOP-9EOPOFI'),(802,359858,'2025-01-15','148.229.22.103','DESKTOP-0FE2HSI'),(803,25261,'2025-01-15','148.229.22.103','DESKTOP-0FE2HSI'),(804,23041,'2025-01-16','148.229.21.133','ISAAC'),(805,23041,'2025-01-16','148.229.21.133','ISAAC'),(806,359858,'2025-01-16','148.229.22.103','DESKTOP-0FE2HSI'),(807,12548,'2025-01-16','148.229.21.135','DESKTOP-LUICNRD'),(808,367537,'2025-01-17','148.229.22.103','DESKTOP-0FE2HSI'),(809,23041,'2025-01-17','148.229.21.133','ISAAC'),(810,23041,'2025-01-17','148.229.21.133','ISAAC'),(811,8727,'2025-01-18','148.229.22.55','COMPUTO1'),(812,23041,'2025-01-20','148.229.21.133','ISAAC'),(813,23041,'2025-01-20','148.229.21.133','ISAAC'),(814,23041,'2025-01-20','148.229.21.133','ISAAC'),(815,359858,'2025-01-21','148.229.22.103','DESKTOP-0FE2HSI'),(816,23041,'2025-01-21','148.229.21.133','ISAAC'),(817,7645,'2025-01-21','192.168.56.1','DESKTOP-IS7JVBG'),(818,12548,'2025-01-21','148.229.21.135','DESKTOP-LUICNRD'),(819,23041,'2025-01-21','148.229.21.133','ISAAC'),(820,23041,'2025-01-21','148.229.21.133','ISAAC'),(821,262001,'2025-01-21','148.229.21.133','ISAAC'),(822,262001,'2025-01-21','148.229.21.133','ISAAC'),(823,23041,'2025-01-22','148.229.21.133','ISAAC'),(824,23041,'2025-01-22','148.229.21.133','ISAAC'),(825,12548,'2025-01-23','148.229.21.135','DESKTOP-LUICNRD'),(826,23041,'2025-01-23','148.229.21.133','ISAAC'),(827,12548,'2025-01-24','148.229.21.135','DESKTOP-LUICNRD'),(828,8727,'2025-01-25','148.229.22.55','COMPUTO1'),(829,92083,'2025-01-27','148.229.20.240','ELECTRONICA-01'),(830,8727,'2025-01-27','148.229.22.55','COMPUTO1'),(831,23041,'2025-01-27','148.229.21.133','ISAAC'),(832,12548,'2025-01-27','148.229.21.135','DESKTOP-LUICNRD'),(833,7645,'2025-01-27','192.168.56.1','DESKTOP-IS7JVBG'),(834,359858,'2025-01-27','148.229.22.103','DESKTOP-0FE2HSI'),(835,359858,'2025-01-27','148.229.22.103','DESKTOP-0FE2HSI'),(836,359858,'2025-01-27','148.229.22.103','DESKTOP-0FE2HSI'),(837,25261,'2025-01-27','148.229.22.103','DESKTOP-0FE2HSI'),(838,92083,'2025-01-28','148.229.20.240','ELECTRONICA-01'),(839,8727,'2025-01-28','148.229.22.55','COMPUTO1'),(840,23041,'2025-01-28','148.229.21.133','ISAAC'),(841,23041,'2025-01-28','148.229.21.133','ISAAC'),(842,365236,'2025-01-28','148.229.22.103','DESKTOP-0FE2HSI'),(843,362412,'2025-01-28','148.229.22.103','DESKTOP-0FE2HSI'),(844,25261,'2025-01-28','148.229.22.103','DESKTOP-0FE2HSI'),(845,92083,'2025-01-29','148.229.20.240','ELECTRONICA-01'),(846,8727,'2025-01-29','148.229.22.55','COMPUTO1'),(847,23041,'2025-01-29','148.229.21.133','ISAAC'),(848,23041,'2025-01-29','148.229.21.133','ISAAC'),(849,23041,'2025-01-29','148.229.21.133','ISAAC'),(850,12548,'2025-01-29','148.229.21.135','DESKTOP-LUICNRD'),(851,23041,'2025-01-29','148.229.21.133','ISAAC'),(852,25261,'2025-01-29','148.229.22.103','DESKTOP-0FE2HSI'),(853,11892,'2025-01-30','148.229.20.240','ELECTRONICA-01'),(854,8727,'2025-01-30','148.229.22.55','COMPUTO1'),(855,23040,'2025-01-30','148.229.22.101','DESKTOP-9EOPOFI'),(856,8727,'2025-01-30','148.229.22.55','COMPUTO1'),(857,23041,'2025-01-30','148.229.21.133','ISAAC'),(858,12548,'2025-01-30','148.229.21.135','DESKTOP-LUICNRD'),(859,7645,'2025-01-30','192.168.56.1','DESKTOP-IS7JVBG'),(860,23041,'2025-01-30','148.229.21.133','ISAAC'),(861,92083,'2025-01-31','148.229.20.240','ELECTRONICA-01'),(862,8727,'2025-01-31','148.229.22.55','COMPUTO1'),(863,357756,'2025-01-31','148.229.22.103','DESKTOP-0FE2HSI'),(864,12548,'2025-01-31','148.229.21.135','DESKTOP-LUICNRD'),(865,365236,'2025-01-31','148.229.22.103','DESKTOP-0FE2HSI'),(866,8727,'2025-02-01','148.229.22.55','COMPUTO1'),(867,8727,'2025-02-04','148.229.22.55','COMPUTO1'),(868,92083,'2025-02-04','148.229.20.240','ELECTRONICA-01'),(869,7645,'2025-02-04','192.168.56.1','DESKTOP-IS7JVBG'),(870,23041,'2025-02-04','148.229.21.133','ISAAC'),(871,23041,'2025-02-04','148.229.21.133','ISAAC'),(872,23041,'2025-02-04','148.229.21.133','ISAAC'),(873,23041,'2025-02-04','148.229.21.133','ISAAC'),(874,25261,'2025-02-04','148.229.22.103','DESKTOP-0FE2HSI'),(875,11892,'2025-02-05','148.229.20.240','ELECTRONICA-01'),(876,8727,'2025-02-05','148.229.22.55','COMPUTO1'),(877,12548,'2025-02-05','148.229.21.135','DESKTOP-LUICNRD'),(878,23041,'2025-02-05','148.229.21.133','ISAAC'),(879,23041,'2025-02-05','148.229.21.133','ISAAC'),(880,357756,'2025-02-05','148.229.22.103','DESKTOP-0FE2HSI'),(881,25261,'2025-02-05','148.229.22.103','DESKTOP-0FE2HSI'),(882,11892,'2025-02-06','148.229.20.240','ELECTRONICA-01'),(883,23041,'2025-02-06','148.229.21.133','ISAAC'),(884,23041,'2025-02-06','148.229.21.133','ISAAC'),(885,8727,'2025-02-06','148.229.22.55','COMPUTO1'),(886,359858,'2025-02-06','148.229.22.103','DESKTOP-0FE2HSI'),(887,12548,'2025-02-06','148.229.21.135','DESKTOP-LUICNRD'),(888,23041,'2025-02-06','148.229.21.133','ISAAC'),(889,359858,'2025-02-06','148.229.22.103','DESKTOP-0FE2HSI'),(890,23041,'2025-02-06','148.229.21.133','ISAAC'),(891,11892,'2025-02-07','148.229.20.240','ELECTRONICA-01'),(892,367537,'2025-02-07','148.229.22.103','DESKTOP-0FE2HSI'),(893,23041,'2025-02-07','148.229.21.133','ISAAC'),(894,8727,'2025-02-07','148.229.22.55','COMPUTO1'),(895,23041,'2025-02-07','148.229.21.133','ISAAC'),(896,23041,'2025-02-07','148.229.21.133','ISAAC'),(897,23041,'2025-02-07','148.229.21.133','ISAAC'),(898,23041,'2025-02-07','148.229.21.133','ISAAC'),(899,357756,'2025-02-07','148.229.22.103','DESKTOP-0FE2HSI'),(900,25261,'2025-02-07','148.229.22.103','DESKTOP-0FE2HSI'),(901,23041,'2025-02-07','148.229.21.133','ISAAC'),(902,23041,'2025-02-07','148.229.21.133','ISAAC'),(903,23041,'2025-02-07','148.229.21.133','ISAAC'),(904,23041,'2025-02-07','148.229.21.133','ISAAC'),(905,23041,'2025-02-07','148.229.21.133','ISAAC'),(906,359858,'2025-02-07','148.229.22.103','DESKTOP-0FE2HSI'),(907,23041,'2025-02-10','148.229.21.133','ISAAC'),(908,12548,'2025-02-10','148.229.21.135','DESKTOP-LUICNRD'),(909,23041,'2025-02-10','148.229.21.133','ISAAC'),(910,23041,'2025-02-10','148.229.21.133','ISAAC'),(911,23041,'2025-02-10','148.229.21.133','ISAAC'),(912,92083,'2025-02-10','148.229.20.240','ELECTRONICA-01'),(913,23041,'2025-02-10','148.229.21.133','ISAAC'),(914,8727,'2025-02-10','148.229.22.55','COMPUTO1'),(915,23041,'2025-02-10','148.229.21.133','ISAAC'),(916,23041,'2025-02-10','148.229.21.133','ISAAC'),(917,23041,'2025-02-10','148.229.21.133','ISAAC'),(918,23041,'2025-02-10','148.229.21.133','ISAAC'),(919,23041,'2025-02-10','148.229.21.133','ISAAC'),(920,23041,'2025-02-10','148.229.21.133','ISAAC'),(921,23041,'2025-02-10','148.229.21.133','ISAAC'),(922,23041,'2025-02-10','148.229.21.133','ISAAC'),(923,23041,'2025-02-10','148.229.21.133','ISAAC'),(924,23041,'2025-02-10','148.229.21.133','ISAAC'),(925,23041,'2025-02-10','148.229.21.133','ISAAC'),(926,23041,'2025-02-10','148.229.21.133','ISAAC'),(927,23040,'2025-02-10','148.229.22.101','DESKTOP-9EOPOFI'),(928,23041,'2025-02-10','148.229.21.133','ISAAC'),(929,23041,'2025-02-10','148.229.21.133','ISAAC'),(930,23041,'2025-02-10','148.229.21.133','ISAAC'),(931,23041,'2025-02-10','148.229.21.133','ISAAC'),(932,23041,'2025-02-10','148.229.21.133','ISAAC'),(933,23041,'2025-02-10','148.229.21.133','ISAAC'),(934,23041,'2025-02-10','148.229.21.133','ISAAC'),(935,15124,'2025-02-10','148.229.21.133','ISAAC'),(936,23041,'2025-02-10','148.229.21.133','ISAAC'),(937,15124,'2025-02-10','148.229.21.133','ISAAC'),(938,25261,'2025-02-10','148.229.22.103','DESKTOP-0FE2HSI'),(939,8727,'2025-02-11','148.229.22.55','COMPUTO1'),(940,11892,'2025-02-11','148.229.20.240','ELECTRONICA-01'),(941,12548,'2025-02-11','148.229.21.135','DESKTOP-LUICNRD'),(942,23041,'2025-02-11','148.229.21.133','ISAAC'),(943,23041,'2025-02-11','148.229.21.133','ISAAC'),(944,23041,'2025-02-11','148.229.21.133','ISAAC'),(945,8727,'2025-02-11','148.229.22.55','COMPUTO1'),(946,367537,'2025-02-11','148.229.22.103','DESKTOP-0FE2HSI'),(947,357756,'2025-02-11','148.229.22.103','DESKTOP-0FE2HSI'),(948,23040,'2025-02-11','148.229.22.101','DESKTOP-9EOPOFI'),(949,7645,'2025-02-11','192.168.56.1','DESKTOP-IS7JVBG'),(950,23041,'2025-02-11','148.229.21.133','ISAAC'),(951,7645,'2025-02-11','192.168.56.1','DESKTOP-IS7JVBG'),(952,8727,'2025-02-12','148.229.22.55','COMPUTO1'),(953,23041,'2025-02-12','148.229.21.133','ISAAC'),(954,23040,'2025-02-12','148.229.22.101','DESKTOP-9EOPOFI'),(955,11070,'2025-02-12','148.229.20.240','ELECTRONICA-01'),(956,357756,'2025-02-12','148.229.22.103','DESKTOP-0FE2HSI'),(957,357756,'2025-02-12','148.229.22.103','DESKTOP-0FE2HSI'),(958,12548,'2025-02-12','148.229.21.135','DESKTOP-LUICNRD'),(959,365236,'2025-02-12','148.229.22.103','DESKTOP-0FE2HSI'),(960,25261,'2025-02-12','148.229.22.103','DESKTOP-0FE2HSI'),(961,25261,'2025-02-12','148.229.22.103','DESKTOP-0FE2HSI'),(962,25261,'2025-02-12','148.229.22.103','DESKTOP-0FE2HSI'),(963,8727,'2025-02-13','148.229.22.55','COMPUTO1'),(964,11892,'2025-02-13','148.229.20.240','ELECTRONICA-01'),(965,357756,'2025-02-13','148.229.22.103','DESKTOP-0FE2HSI'),(966,7645,'2025-02-13','192.168.56.1','DESKTOP-IS7JVBG'),(967,12548,'2025-02-13','148.229.21.135','DESKTOP-LUICNRD'),(968,357756,'2025-02-13','148.229.22.103','DESKTOP-0FE2HSI'),(969,23040,'2025-02-13','148.229.22.101','DESKTOP-9EOPOFI'),(970,362412,'2025-02-13','148.229.22.103','DESKTOP-0FE2HSI'),(971,23040,'2025-02-13','148.229.22.101','DESKTOP-9EOPOFI'),(972,92083,'2025-02-14','148.229.20.240','ELECTRONICA-01'),(973,365236,'2025-02-14','148.229.22.103','DESKTOP-0FE2HSI'),(974,12548,'2025-02-14','148.229.21.135','DESKTOP-LUICNRD'),(975,367537,'2025-02-14','148.229.22.103','DESKTOP-0FE2HSI'),(976,367537,'2025-02-14','148.229.22.103','DESKTOP-0FE2HSI'),(977,359858,'2025-02-14','148.229.22.103','DESKTOP-0FE2HSI'),(978,8727,'2025-02-14','148.229.22.55','COMPUTO1'),(979,8727,'2025-02-15','148.229.22.55','COMPUTO1'),(980,11070,'2025-02-17','148.229.20.240','ELECTRONICA-01'),(981,8727,'2025-02-17','148.229.22.55','COMPUTO1'),(982,359858,'2025-02-17','148.229.22.103','DESKTOP-0FE2HSI'),(983,25261,'2025-02-17','148.229.22.103','DESKTOP-0FE2HSI'),(984,25261,'2025-02-17','148.229.22.103','DESKTOP-0FE2HSI'),(985,8727,'2025-02-18','148.229.22.55','COMPUTO1'),(986,23041,'2025-02-18','148.229.21.133','ISAAC'),(987,357756,'2025-02-18','148.229.22.103','DESKTOP-0FE2HSI'),(988,23041,'2025-02-18','148.229.21.133','ISAAC'),(989,23041,'2025-02-18','148.229.21.133','ISAAC'),(990,23041,'2025-02-18','148.229.21.133','ISAAC'),(991,23041,'2025-02-18','148.229.21.133','ISAAC'),(992,23041,'2025-02-18','148.229.21.96','DESKTOP-QQU8FO3'),(993,7645,'2025-02-18','192.168.56.1','DESKTOP-IS7JVBG'),(994,11070,'2025-02-18','148.229.20.240','ELECTRONICA-01'),(995,12548,'2025-02-18','148.229.21.135','DESKTOP-LUICNRD'),(996,23041,'2025-02-18','148.229.21.133','ISAAC'),(997,23041,'2025-02-18','148.229.21.133','ISAAC'),(998,23041,'2025-02-18','148.229.21.133','ISAAC'),(999,23041,'2025-02-18','148.229.21.133','ISAAC'),(1000,23041,'2025-02-18','148.229.21.133','ISAAC'),(1001,23041,'2025-02-18','148.229.21.133','ISAAC'),(1002,23041,'2025-02-18','148.229.21.133','ISAAC'),(1003,23041,'2025-02-18','148.229.21.133','ISAAC'),(1004,23041,'2025-02-18','148.229.21.133','ISAAC'),(1005,23041,'2025-02-18','148.229.21.133','ISAAC'),(1006,23041,'2025-02-18','148.229.21.133','ISAAC'),(1007,362412,'2025-02-18','148.229.22.103','DESKTOP-0FE2HSI'),(1008,23040,'2025-02-18','148.229.22.101','DESKTOP-9EOPOFI'),(1009,23041,'2025-02-18','148.229.21.133','ISAAC'),(1010,23041,'2025-02-18','148.229.21.133','ISAAC'),(1011,23041,'2025-02-18','148.229.21.133','ISAAC'),(1012,23041,'2025-02-18','148.229.21.133','ISAAC'),(1013,23041,'2025-02-18','148.229.21.133','ISAAC'),(1014,23041,'2025-02-18','148.229.21.133','ISAAC'),(1015,8727,'2025-02-19','148.229.22.55','COMPUTO1'),(1016,23041,'2025-02-19','148.229.21.133','ISAAC'),(1017,367537,'2025-02-19','148.229.22.103','DESKTOP-0FE2HSI'),(1018,11070,'2025-02-19','148.229.20.240','ELECTRONICA-01'),(1019,12548,'2025-02-19','148.229.21.135','DESKTOP-LUICNRD'),(1020,367537,'2025-02-19','148.229.22.103','DESKTOP-0FE2HSI'),(1021,25261,'2025-02-19','148.229.21.135','DESKTOP-LUICNRD'),(1022,11892,'2025-02-20','148.229.20.240','ELECTRONICA-01'),(1023,8727,'2025-02-20','148.229.22.55','COMPUTO1'),(1024,23041,'2025-02-20','148.229.21.133','ISAAC'),(1025,357756,'2025-02-20','148.229.22.103','DESKTOP-0FE2HSI'),(1026,23041,'2025-02-20','148.229.21.133','ISAAC'),(1027,23041,'2025-02-20','148.229.21.133','ISAAC'),(1028,23041,'2025-02-20','148.229.21.133','ISAAC'),(1029,25261,'2025-02-20','148.229.22.103','DESKTOP-0FE2HSI'),(1030,12548,'2025-02-20','148.229.21.135','DESKTOP-LUICNRD'),(1031,359858,'2025-02-20','148.229.22.103','DESKTOP-0FE2HSI'),(1032,12548,'2025-02-20','148.229.22.103','DESKTOP-0FE2HSI'),(1033,359858,'2025-02-20','148.229.22.103','DESKTOP-0FE2HSI'),(1034,23041,'2025-02-20','148.229.21.133','ISAAC'),(1035,25261,'2025-02-20','148.229.21.135','DESKTOP-LUICNRD'),(1036,11892,'2025-02-21','148.229.20.240','ELECTRONICA-01'),(1037,12548,'2025-02-21','148.229.21.135','DESKTOP-LUICNRD'),(1038,357756,'2025-02-21','148.229.22.103','DESKTOP-0FE2HSI'),(1039,367537,'2025-02-21','148.229.22.103','DESKTOP-0FE2HSI'),(1040,8727,'2025-02-21','148.229.22.55','COMPUTO1'),(1041,23040,'2025-02-21','148.229.22.101','DESKTOP-9EOPOFI'),(1042,359858,'2025-02-21','148.229.22.103','DESKTOP-0FE2HSI'),(1043,23041,'2025-02-24','148.229.21.133','ISAAC'),(1044,92083,'2025-02-24','148.229.20.240','ELECTRONICA-01'),(1045,365236,'2025-02-24','148.229.22.103','DESKTOP-0FE2HSI'),(1046,12548,'2025-02-24','148.229.21.135','DESKTOP-LUICNRD'),(1047,8727,'2025-02-24','148.229.22.55','COMPUTO1'),(1048,25261,'2025-02-24','148.229.22.103','DESKTOP-0FE2HSI'),(1049,92083,'2025-02-25','148.229.20.240','ELECTRONICA-01'),(1050,365236,'2025-02-25','148.229.22.103','DESKTOP-0FE2HSI'),(1051,12548,'2025-02-25','148.229.21.135','DESKTOP-LUICNRD'),(1052,11892,'2025-02-25','148.229.22.55','COMPUTO1'),(1053,362412,'2025-02-25','148.229.22.103','DESKTOP-0FE2HSI'),(1054,25261,'2025-02-25','148.229.22.103','DESKTOP-0FE2HSI'),(1055,8727,'2025-02-26','148.229.22.55','COMPUTO1'),(1056,12548,'2025-02-26','148.229.21.135','DESKTOP-LUICNRD'),(1057,92083,'2025-02-26','148.229.20.240','ELECTRONICA-01'),(1058,23040,'2025-02-26','148.229.22.101','DESKTOP-9EOPOFI'),(1059,362412,'2025-02-26','148.229.22.103','DESKTOP-0FE2HSI'),(1060,23040,'2025-02-26','148.229.22.101','DESKTOP-9EOPOFI'),(1061,25261,'2025-02-26','148.229.21.135','DESKTOP-LUICNRD'),(1062,25261,'2025-02-26','148.229.21.135','DESKTOP-LUICNRD'),(1063,8727,'2025-02-27','148.229.22.55','COMPUTO1'),(1064,92083,'2025-02-27','148.229.20.240','ELECTRONICA-01'),(1065,362412,'2025-02-27','148.229.22.103','DESKTOP-0FE2HSI'),(1066,12548,'2025-02-27','148.229.21.135','DESKTOP-LUICNRD'),(1067,357756,'2025-02-27','148.229.22.103','DESKTOP-0FE2HSI'),(1068,25261,'2025-02-27','148.229.21.135','DESKTOP-LUICNRD'),(1069,359858,'2025-02-27','148.229.22.103','DESKTOP-0FE2HSI'),(1070,8727,'2025-02-28','148.229.22.55','COMPUTO1'),(1071,11892,'2025-02-28','148.229.20.240','ELECTRONICA-01'),(1072,12548,'2025-02-28','148.229.21.135','DESKTOP-LUICNRD'),(1073,365236,'2025-02-28','148.229.22.103','DESKTOP-0FE2HSI'),(1074,23041,'2025-02-28','148.229.21.133','ISAAC'),(1075,8727,'2025-03-01','148.229.22.55','COMPUTO1'),(1076,92083,'2025-03-03','148.229.20.240','ELECTRONICA-01'),(1077,365236,'2025-03-03','148.229.22.103','DESKTOP-0FE2HSI'),(1078,8727,'2025-03-03','148.229.22.55','COMPUTO1'),(1079,12548,'2025-03-03','148.229.21.135','DESKTOP-LUICNRD'),(1080,7645,'2025-03-03','192.168.56.1','DESKTOP-IS7JVBG'),(1081,365236,'2025-03-03','148.229.21.135','DESKTOP-LUICNRD'),(1082,9190,'2025-03-03','148.229.20.240','ELECTRONICA-01'),(1083,8727,'2025-03-04','148.229.22.55','COMPUTO1'),(1084,92083,'2025-03-04','148.229.20.240','ELECTRONICA-01'),(1085,23041,'2025-03-04','148.229.21.133','ISAAC'),(1086,357756,'2025-03-04','148.229.22.103','DESKTOP-0FE2HSI'),(1087,12548,'2025-03-04','148.229.21.135','DESKTOP-LUICNRD'),(1088,8727,'2025-03-05','148.229.22.55','COMPUTO1'),(1089,23041,'2025-03-05','148.229.21.133','ISAAC'),(1090,7645,'2025-03-05','192.168.56.1','DESKTOP-IS7JVBG'),(1091,12548,'2025-03-05','148.229.21.135','DESKTOP-LUICNRD'),(1092,12548,'2025-03-05','148.229.21.135','DESKTOP-LUICNRD'),(1093,11070,'2025-03-05','148.229.20.240','ELECTRONICA-01'),(1094,12548,'2025-03-05','148.229.21.135','DESKTOP-LUICNRD'),(1095,367537,'2025-03-05','148.229.22.103','DESKTOP-0FE2HSI'),(1096,25261,'2025-03-05','148.229.22.103','DESKTOP-0FE2HSI'),(1097,23041,'2025-03-05','148.229.21.133','ISAAC'),(1098,8727,'2025-03-06','148.229.22.55','COMPUTO1'),(1099,11892,'2025-03-06','148.229.20.240','ELECTRONICA-01'),(1100,357756,'2025-03-06','148.229.22.103','DESKTOP-0FE2HSI'),(1101,362412,'2025-03-06','148.229.22.103','DESKTOP-0FE2HSI'),(1102,9190,'2025-03-06','148.229.20.240','ELECTRONICA-01'),(1103,8727,'2025-03-07','148.229.22.55','COMPUTO1'),(1104,365236,'2025-03-07','148.229.22.103','DESKTOP-0FE2HSI'),(1105,92083,'2025-03-07','148.229.20.240','ELECTRONICA-01'),(1106,365236,'2025-03-07','148.229.22.103','DESKTOP-0FE2HSI'),(1107,25261,'2025-03-07','148.229.22.103','DESKTOP-0FE2HSI'),(1108,23041,'2025-03-07','148.229.21.133','ISAAC'),(1109,23041,'2025-03-07','148.229.21.133','ISAAC'),(1110,8727,'2025-03-08','148.229.22.55','COMPUTO1'),(1111,92083,'2025-03-10','148.229.20.240','ELECTRONICA-01'),(1112,365236,'2025-03-10','148.229.21.135','DESKTOP-LUICNRD'),(1113,12548,'2025-03-10','148.229.21.135','DESKTOP-LUICNRD'),(1114,11070,'2025-03-11','148.229.22.55','COMPUTO1'),(1115,357756,'2025-03-11','148.229.22.103','DESKTOP-0FE2HSI'),(1116,12548,'2025-03-11','148.229.21.135','DESKTOP-LUICNRD'),(1117,357756,'2025-03-11','148.229.22.103','DESKTOP-0FE2HSI'),(1118,23040,'2025-03-11','148.229.22.101','DESKTOP-9EOPOFI'),(1119,23040,'2025-03-11','148.229.22.101','DESKTOP-9EOPOFI'),(1120,92083,'2025-03-11','148.229.20.240','ELECTRONICA-01'),(1121,25261,'2025-03-11','148.229.22.103','DESKTOP-0FE2HSI'),(1122,8727,'2025-03-12','148.229.22.55','COMPUTO1'),(1123,12548,'2025-03-12','148.229.21.135','DESKTOP-LUICNRD'),(1124,23041,'2025-03-12','148.229.21.133','ISAAC'),(1125,11070,'2025-03-12','148.229.20.240','ELECTRONICA-01'),(1126,23041,'2025-03-12','148.229.21.133','ISAAC'),(1127,357756,'2025-03-12','148.229.22.103','DESKTOP-0FE2HSI'),(1128,7645,'2025-03-12','192.168.56.1','DESKTOP-IS7JVBG'),(1129,8727,'2025-03-13','148.229.22.55','COMPUTO1'),(1130,92083,'2025-03-13','148.229.20.240','ELECTRONICA-01'),(1131,12548,'2025-03-13','148.229.21.135','DESKTOP-LUICNRD'),(1132,23041,'2025-03-13','148.229.21.133','ISAAC'),(1133,357756,'2025-03-13','148.229.22.103','DESKTOP-0FE2HSI'),(1134,25261,'2025-03-13','148.229.22.103','DESKTOP-0FE2HSI'),(1135,11892,'2025-03-14','148.229.20.240','ELECTRONICA-01'),(1136,367537,'2025-03-14','148.229.22.103','DESKTOP-0FE2HSI'),(1137,7645,'2025-03-14','192.168.56.1','DESKTOP-IS7JVBG'),(1138,8727,'2025-03-14','148.229.22.55','COMPUTO1'),(1139,12548,'2025-03-14','148.229.21.135','DESKTOP-LUICNRD'),(1140,365236,'2025-03-14','148.229.22.103','DESKTOP-0FE2HSI'),(1141,25261,'2025-03-14','148.229.22.103','DESKTOP-0FE2HSI'),(1142,9190,'2025-03-14','148.229.20.240','ELECTRONICA-01'),(1143,8727,'2025-03-18','148.229.22.55','COMPUTO1'),(1144,12548,'2025-03-18','148.229.21.135','DESKTOP-LUICNRD'),(1145,12548,'2025-03-18','148.229.22.103','DESKTOP-0FE2HSI'),(1146,7645,'2025-03-18','192.168.56.1','DESKTOP-IS7JVBG'),(1147,12548,'2025-03-18','148.229.21.135','DESKTOP-LUICNRD'),(1148,23040,'2025-03-18','148.229.22.101','DESKTOP-9EOPOFI'),(1149,357756,'2025-03-18','148.229.22.103','DESKTOP-0FE2HSI'),(1150,11070,'2025-03-18','148.229.20.240','ELECTRONICA-01'),(1151,25261,'2025-03-18','148.229.21.135','DESKTOP-LUICNRD'),(1152,8727,'2025-03-19','148.229.22.55','COMPUTO1'),(1153,11892,'2025-03-19','148.229.20.240','ELECTRONICA-01'),(1154,23041,'2025-03-19','148.229.21.133','ISAAC'),(1155,23041,'2025-03-19','148.229.21.133','ISAAC'),(1156,7645,'2025-03-19','192.168.56.1','DESKTOP-IS7JVBG'),(1157,357756,'2025-03-19','148.229.22.103','DESKTOP-0FE2HSI'),(1158,367537,'2025-03-19','148.229.22.103','DESKTOP-0FE2HSI'),(1159,7645,'2025-03-19','192.168.56.1','DESKTOP-IS7JVBG'),(1160,25261,'2025-03-19','148.229.22.103','DESKTOP-0FE2HSI'),(1161,25261,'2025-03-19','148.229.22.103','DESKTOP-0FE2HSI'),(1162,8727,'2025-03-20','148.229.22.55','COMPUTO1'),(1163,11070,'2025-03-20','148.229.20.240','ELECTRONICA-01'),(1164,12548,'2025-03-20','148.229.21.135','DESKTOP-LUICNRD'),(1165,357756,'2025-03-20','148.229.22.103','DESKTOP-0FE2HSI'),(1166,7645,'2025-03-20','192.168.56.1','DESKTOP-IS7JVBG'),(1167,12548,'2025-03-20','148.229.21.135','DESKTOP-LUICNRD'),(1168,25261,'2025-03-20','148.229.22.103','DESKTOP-0FE2HSI'),(1169,357756,'2025-03-21','148.229.22.103','DESKTOP-0FE2HSI'),(1170,11070,'2025-03-21','148.229.20.240','ELECTRONICA-01'),(1171,12548,'2025-03-21','148.229.21.135','DESKTOP-LUICNRD'),(1172,8727,'2025-03-21','148.229.22.55','COMPUTO1'),(1173,12548,'2025-03-21','148.229.22.103','DESKTOP-0FE2HSI'),(1174,23041,'2025-03-21','148.229.21.133','ISAAC'),(1175,23040,'2025-03-21','148.229.22.101','DESKTOP-9EOPOFI'),(1176,8727,'2025-03-22','148.229.22.55','COMPUTO1'),(1177,11892,'2025-03-24','148.229.20.240','ELECTRONICA-01'),(1178,23041,'2025-03-24','148.229.21.133','ISAAC'),(1179,12548,'2025-03-24','148.229.21.135','DESKTOP-LUICNRD'),(1180,8727,'2025-03-24','148.229.22.55','COMPUTO1'),(1181,8727,'2025-03-24','148.229.22.55','COMPUTO1'),(1182,23040,'2025-03-24','148.229.22.101','DESKTOP-9EOPOFI'),(1183,25261,'2025-03-24','148.229.21.135','DESKTOP-LUICNRD'),(1184,12548,'2025-03-25','148.229.21.135','DESKTOP-LUICNRD'),(1185,365236,'2025-03-25','148.229.22.103','DESKTOP-0FE2HSI'),(1186,92083,'2025-03-25','148.229.20.240','ELECTRONICA-01'),(1187,365236,'2025-03-25','148.229.22.103','DESKTOP-0FE2HSI'),(1188,367537,'2025-03-25','148.229.22.103','DESKTOP-0FE2HSI'),(1189,7645,'2025-03-25','192.168.56.1','DESKTOP-IS7JVBG'),(1190,8727,'2025-03-25','148.229.22.55','COMPUTO1'),(1191,8727,'2025-03-26','148.229.22.55','COMPUTO1'),(1192,92083,'2025-03-26','148.229.20.240','ELECTRONICA-01'),(1193,357756,'2025-03-26','148.229.21.135','DESKTOP-LUICNRD'),(1194,23041,'2025-03-26','148.229.21.133','ISAAC'),(1195,23041,'2025-03-26','148.229.21.133','ISAAC'),(1196,8727,'2025-03-27','148.229.22.55','COMPUTO1'),(1197,92083,'2025-03-27','148.229.20.240','ELECTRONICA-01'),(1198,12548,'2025-03-27','148.229.21.135','DESKTOP-LUICNRD'),(1199,8727,'2025-03-27','148.229.22.55','COMPUTO1'),(1200,7645,'2025-03-27','192.168.56.1','DESKTOP-IS7JVBG'),(1201,359858,'2025-03-27','148.229.22.103','DESKTOP-0FE2HSI'),(1202,359858,'2025-03-27','148.229.22.103','DESKTOP-0FE2HSI'),(1203,25261,'2025-03-27','148.229.22.103','DESKTOP-0FE2HSI'),(1204,25261,'2025-03-27','148.229.22.103','DESKTOP-0FE2HSI'),(1205,25261,'2025-03-27','148.229.22.103','DESKTOP-0FE2HSI'),(1206,25261,'2025-03-27','148.229.22.103','DESKTOP-0FE2HSI'),(1207,11070,'2025-03-28','148.229.20.240','ELECTRONICA-01'),(1208,12548,'2025-03-28','148.229.21.135','DESKTOP-LUICNRD'),(1209,23041,'2025-03-28','148.229.21.133','ISAAC'),(1210,8727,'2025-03-28','148.229.22.55','COMPUTO1'),(1211,7645,'2025-03-28','192.168.56.1','DESKTOP-IS7JVBG'),(1212,359858,'2025-03-28','148.229.22.103','DESKTOP-0FE2HSI'),(1213,8727,'2025-03-29','148.229.22.55','COMPUTO1'),(1214,12548,'2025-03-31','148.229.21.135','DESKTOP-LUICNRD'),(1215,365236,'2025-03-31','148.229.22.103','DESKTOP-0FE2HSI'),(1216,23041,'2025-03-31','148.229.21.133','ISAAC'),(1217,11070,'2025-03-31','148.229.20.240','ELECTRONICA-01'),(1218,359858,'2025-03-31','148.229.22.103','DESKTOP-0FE2HSI'),(1219,92083,'2025-04-01','148.229.20.240','ELECTRONICA-01'),(1220,12548,'2025-04-01','148.229.21.135','DESKTOP-LUICNRD'),(1221,12548,'2025-04-01','148.229.22.103','DESKTOP-0FE2HSI'),(1222,11070,'2025-04-01','148.229.22.55','COMPUTO1'),(1223,23041,'2025-04-01','148.229.21.133','ISAAC'),(1224,12548,'2025-04-02','148.229.21.135','DESKTOP-LUICNRD'),(1225,8727,'2025-04-02','148.229.22.55','COMPUTO1'),(1226,23041,'2025-04-02','148.229.21.252','DESKTOP-QQU8FO3'),(1227,11070,'2025-04-02','148.229.20.240','ELECTRONICA-01'),(1228,357756,'2025-04-02','148.229.22.103','DESKTOP-0FE2HSI'),(1229,12548,'2025-04-02','148.229.21.135','DESKTOP-LUICNRD'),(1230,23041,'2025-04-02','148.229.21.133','ISAAC'),(1231,23041,'2025-04-02','148.229.21.133','ISAAC'),(1232,357756,'2025-04-02','148.229.22.103','DESKTOP-0FE2HSI'),(1233,23041,'2025-04-02','148.229.21.133','ISAAC'),(1234,25261,'2025-04-02','148.229.22.103','DESKTOP-0FE2HSI'),(1235,25261,'2025-04-02','148.229.21.135','DESKTOP-LUICNRD'),(1236,92083,'2025-04-03','148.229.20.240','ELECTRONICA-01'),(1237,12548,'2025-04-03','148.229.21.135','DESKTOP-LUICNRD'),(1238,23041,'2025-04-03','148.229.21.133','ISAAC'),(1239,8727,'2025-04-03','148.229.22.55','COMPUTO1'),(1240,357756,'2025-04-03','148.229.22.103','DESKTOP-0FE2HSI'),(1241,25261,'2025-04-03','148.229.22.103','DESKTOP-0FE2HSI'),(1242,92083,'2025-04-04','148.229.20.240','ELECTRONICA-01'),(1243,23041,'2025-04-04','148.229.21.133','ISAAC'),(1244,7645,'2025-04-04','148.229.22.55','COMPUTO1'),(1245,23041,'2025-04-04','148.229.21.133','ISAAC'),(1246,12548,'2025-04-04','148.229.21.135','DESKTOP-LUICNRD'),(1247,357756,'2025-04-04','148.229.22.103','DESKTOP-0FE2HSI'),(1248,23041,'2025-04-04','148.229.21.133','ISAAC'),(1249,357756,'2025-04-07','148.229.22.103','DESKTOP-0FE2HSI'),(1250,12548,'2025-04-07','148.229.21.135','DESKTOP-LUICNRD'),(1251,11070,'2025-04-07','148.229.20.240','ELECTRONICA-01'),(1252,357756,'2025-04-07','148.229.22.103','DESKTOP-0FE2HSI'),(1253,23041,'2025-04-07','148.229.21.133','ISAAC'),(1254,8727,'2025-04-07','148.229.22.55','COMPUTO1'),(1255,11892,'2025-04-08','148.229.20.240','ELECTRONICA-01'),(1256,357756,'2025-04-08','148.229.22.103','DESKTOP-0FE2HSI'),(1257,8727,'2025-04-08','148.229.22.55','COMPUTO1'),(1258,7645,'2025-04-08','192.168.56.1','DESKTOP-IS7JVBG'),(1259,12548,'2025-04-08','148.229.21.135','DESKTOP-LUICNRD'),(1260,7645,'2025-04-08','192.168.56.1','DESKTOP-IS7JVBG'),(1261,92083,'2025-04-09','148.229.20.240','ELECTRONICA-01'),(1262,23041,'2025-04-09','148.229.21.133','ISAAC'),(1263,357756,'2025-04-09','148.229.22.103','DESKTOP-0FE2HSI'),(1264,8727,'2025-04-09','148.229.22.55','COMPUTO1'),(1265,357756,'2025-04-09','148.229.22.103','DESKTOP-0FE2HSI'),(1266,25261,'2025-04-09','148.229.21.135','DESKTOP-LUICNRD'),(1267,8727,'2025-04-10','148.229.22.55','COMPUTO1'),(1268,92083,'2025-04-10','148.229.20.240','ELECTRONICA-01'),(1269,12548,'2025-04-10','148.229.21.135','DESKTOP-LUICNRD'),(1270,23041,'2025-04-10','148.229.21.133','ISAAC'),(1271,357756,'2025-04-10','148.229.22.103','DESKTOP-0FE2HSI'),(1272,23041,'2025-04-10','148.229.21.133','ISAAC'),(1273,23041,'2025-04-10','148.229.21.133','ISAAC'),(1274,23041,'2025-04-10','148.229.21.133','ISAAC'),(1275,23041,'2025-04-11','148.229.21.133','ISAAC'),(1276,92083,'2025-04-11','148.229.20.240','ELECTRONICA-01'),(1277,357756,'2025-04-11','148.229.22.103','DESKTOP-0FE2HSI'),(1278,357756,'2025-04-11','148.229.22.103','DESKTOP-0FE2HSI'),(1279,12548,'2025-04-11','148.229.21.135','DESKTOP-LUICNRD'),(1280,92083,'2025-04-11','148.229.20.240','ELECTRONICA-01'),(1281,357756,'2025-04-11','148.229.22.103','DESKTOP-0FE2HSI'),(1282,7645,'2025-04-11','192.168.56.1','DESKTOP-IS7JVBG'),(1283,23041,'2025-04-11','148.229.21.133','ISAAC'),(1284,23041,'2025-04-11','148.229.21.133','ISAAC'),(1285,23041,'2025-04-11','148.229.21.133','ISAAC'),(1286,23041,'2025-04-11','148.229.21.133','ISAAC'),(1287,23041,'2025-04-11','148.229.21.133','ISAAC'),(1288,8727,'2025-04-11','148.229.22.55','COMPUTO1'),(1289,23041,'2025-04-29','148.229.21.133','ISAAC'),(1290,357756,'2025-04-29','148.229.22.103','DESKTOP-0FE2HSI'),(1291,7645,'2025-04-29','192.168.56.1','DESKTOP-IS7JVBG'),(1292,11070,'2025-04-29','148.229.20.240','ELECTRONICA-01'),(1293,7645,'2025-04-29','192.168.56.1','DESKTOP-IS7JVBG'),(1294,11070,'2025-04-29','148.229.20.240','ELECTRONICA-01'),(1295,8727,'2025-04-29','148.229.22.55','COMPUTO1'),(1296,12548,'2025-04-29','148.229.21.135','DESKTOP-LUICNRD'),(1297,25261,'2025-04-29','148.229.21.135','DESKTOP-LUICNRD'),(1298,25261,'2025-04-29','148.229.21.135','DESKTOP-LUICNRD'),(1299,25261,'2025-04-29','148.229.21.135','DESKTOP-LUICNRD'),(1300,11892,'2025-04-30','148.229.20.240','ELECTRONICA-01'),(1301,8727,'2025-04-30','148.229.22.55','COMPUTO1'),(1302,12548,'2025-04-30','148.229.21.135','DESKTOP-LUICNRD'),(1303,357756,'2025-04-30','148.229.22.103','DESKTOP-0FE2HSI'),(1304,357756,'2025-04-30','148.229.22.103','DESKTOP-0FE2HSI'),(1305,23041,'2025-04-30','148.229.21.133','ISAAC'),(1306,23041,'2025-04-30','148.229.21.133','ISAAC'),(1307,23041,'2025-04-30','148.229.21.133','ISAAC'),(1308,23041,'2025-04-30','148.229.21.133','ISAAC'),(1309,23041,'2025-04-30','148.229.21.133','ISAAC'),(1310,23041,'2025-04-30','148.229.21.133','ISAAC'),(1311,23041,'2025-04-30','148.229.21.133','ISAAC'),(1312,23041,'2025-04-30','148.229.21.133','ISAAC'),(1313,23041,'2025-04-30','148.229.21.133','ISAAC'),(1314,25261,'2025-04-30','148.229.21.135','DESKTOP-LUICNRD'),(1315,92083,'2025-05-02','148.229.20.240','ELECTRONICA-01'),(1316,262001,'2025-05-02','148.229.21.133','ISAAC'),(1317,8727,'2025-05-02','148.229.22.55','COMPUTO1'),(1318,23041,'2025-05-02','148.229.21.133','ISAAC'),(1319,1,'2025-05-02','148.229.21.133','ISAAC'),(1320,23041,'2025-05-02','148.229.21.133','ISAAC'),(1321,23041,'2025-05-02','148.229.21.133','ISAAC'),(1322,23041,'2025-05-02','148.229.21.133','ISAAC'),(1323,358307,'2025-05-02','148.229.22.103','DESKTOP-0FE2HSI'),(1324,23041,'2025-05-02','148.229.21.133','ISAAC'),(1325,23041,'2025-05-02','148.229.21.133','ISAAC'),(1326,23041,'2025-05-02','148.229.21.133','ISAAC'),(1327,357756,'2025-05-02','148.229.22.103','DESKTOP-0FE2HSI'),(1328,357756,'2025-05-02','148.229.22.103','DESKTOP-0FE2HSI'),(1329,23041,'2025-05-02','148.229.21.133','ISAAC'),(1330,262001,'2025-05-02','148.229.21.133','ISAAC'),(1331,1,'2025-05-02','148.229.21.133','ISAAC'),(1332,12548,'2025-05-02','148.229.21.135','DESKTOP-LUICNRD'),(1333,92083,'2025-05-06','148.229.22.55','COMPUTO1'),(1334,11070,'2025-05-06','148.229.20.240','ELECTRONICA-01'),(1335,357756,'2025-05-06','148.229.22.103','DESKTOP-0FE2HSI'),(1336,23041,'2025-05-06','148.229.21.133','ISAAC'),(1337,23041,'2025-05-06','148.229.21.133','ISAAC'),(1338,1,'2025-05-06','148.229.21.133','ISAAC'),(1339,23041,'2025-05-06','148.229.21.133','ISAAC'),(1340,92083,'2025-05-07','148.229.20.240','ELECTRONICA-01'),(1341,12548,'2025-05-07','148.229.21.135','DESKTOP-LUICNRD'),(1342,357756,'2025-05-07','148.229.22.103','DESKTOP-0FE2HSI'),(1343,11070,'2025-05-07','148.229.22.55','COMPUTO1'),(1344,7645,'2025-05-07','192.168.56.1','DESKTOP-IS7JVBG'),(1345,23041,'2025-05-07','148.229.21.133','ISAAC'),(1346,92083,'2025-05-08','148.229.22.55','COMPUTO1'),(1347,358307,'2025-05-08','148.229.22.103','DESKTOP-0FE2HSI'),(1348,12548,'2025-05-08','148.229.21.135','DESKTOP-LUICNRD'),(1349,23041,'2025-05-08','148.229.21.133','ISAAC'),(1350,25261,'2025-05-08','148.229.22.103','DESKTOP-0FE2HSI'),(1351,9190,'2025-05-08','148.229.20.240','ELECTRONICA-01'),(1352,8727,'2025-05-09','148.229.22.55','COMPUTO1'),(1353,92083,'2025-05-09','148.229.20.240','ELECTRONICA-01'),(1354,23041,'2025-05-09','148.229.21.133','ISAAC'),(1355,12548,'2025-05-09','148.229.21.135','DESKTOP-LUICNRD'),(1356,23041,'2025-05-12','148.229.21.133','ISAAC'),(1357,9179,'2025-05-12','148.229.21.133','ISAAC'),(1358,92083,'2025-05-12','148.229.20.240','ELECTRONICA-01'),(1359,8727,'2025-05-12','148.229.22.55','COMPUTO1'),(1360,9179,'2025-05-12','148.229.22.87','DESKTOP-1043L9G'),(1361,12548,'2025-05-12','148.229.21.135','DESKTOP-LUICNRD'),(1362,8727,'2025-05-13','148.229.22.55','COMPUTO1'),(1363,12548,'2025-05-13','148.229.21.135','DESKTOP-LUICNRD'),(1364,23041,'2025-05-13','148.229.21.133','ISAAC'),(1365,23041,'2025-05-13','148.229.21.133','ISAAC'),(1366,23041,'2025-05-13','148.229.21.133','ISAAC'),(1367,23041,'2025-05-13','148.229.21.133','ISAAC'),(1368,1,'2025-05-13','148.229.21.133','ISAAC'),(1369,357756,'2025-05-13','148.229.22.103','DESKTOP-0FE2HSI'),(1370,23041,'2025-05-13','148.229.21.133','ISAAC'),(1371,23041,'2025-05-13','148.229.21.133','ISAAC'),(1372,23041,'2025-05-13','148.229.21.133','ISAAC'),(1373,23041,'2025-05-13','148.229.21.133','ISAAC'),(1374,23041,'2025-05-13','148.229.21.133','ISAAC'),(1375,23041,'2025-05-13','148.229.21.133','ISAAC'),(1376,23041,'2025-05-13','148.229.21.133','ISAAC'),(1377,23041,'2025-05-13','148.229.21.133','ISAAC'),(1378,92083,'2025-05-13','148.229.20.240','ELECTRONICA-01'),(1379,7645,'2025-05-13','192.168.56.1','DESKTOP-IS7JVBG'),(1380,23041,'2025-05-13','148.229.21.133','ISAAC'),(1381,23041,'2025-05-13','148.229.21.133','ISAAC'),(1382,23041,'2025-05-13','148.229.21.133','ISAAC'),(1383,23041,'2025-05-13','148.229.21.133','ISAAC'),(1384,23041,'2025-05-13','148.229.21.133','ISAAC'),(1385,23041,'2025-05-13','148.229.21.133','ISAAC'),(1386,23041,'2025-05-13','148.229.21.133','ISAAC'),(1387,23041,'2025-05-13','148.229.21.133','ISAAC'),(1388,23041,'2025-05-13','148.229.21.133','ISAAC'),(1389,23041,'2025-05-13','148.229.21.133','ISAAC'),(1390,23041,'2025-05-13','148.229.21.133','ISAAC'),(1391,92083,'2025-05-14','148.229.20.240','ELECTRONICA-01'),(1392,8727,'2025-05-14','148.229.22.55','COMPUTO1'),(1393,12548,'2025-05-14','148.229.21.135','DESKTOP-LUICNRD'),(1394,9179,'2025-05-14','148.229.22.87','DESKTOP-1043L9G'),(1395,7645,'2025-05-14','192.168.56.1','DESKTOP-IS7JVBG'),(1396,23041,'2025-05-14','148.229.21.133','ISAAC'),(1397,23041,'2025-05-14','148.229.21.133','ISAAC'),(1398,23041,'2025-05-14','148.229.21.133','ISAAC'),(1399,8727,'2025-05-15','148.229.22.55','COMPUTO1'),(1400,12548,'2025-05-15','148.229.21.135','DESKTOP-LUICNRD'),(1401,92083,'2025-05-16','148.229.20.240','ELECTRONICA-01'),(1402,23041,'2025-05-16','148.229.21.133','ISAAC'),(1403,358307,'2025-05-16','148.229.22.103','DESKTOP-0FE2HSI'),(1404,12548,'2025-05-16','148.229.21.135','DESKTOP-LUICNRD'),(1405,23041,'2025-05-16','148.229.21.133','ISAAC'),(1406,358307,'2025-05-16','148.229.22.103','DESKTOP-0FE2HSI'),(1407,12548,'2025-05-16','148.229.21.135','DESKTOP-LUICNRD'),(1408,12548,'2025-05-16','148.229.22.103','DESKTOP-0FE2HSI'),(1409,92083,'2025-05-19','148.229.20.240','ELECTRONICA-01'),(1410,11892,'2025-05-19','148.229.22.55','COMPUTO1'),(1411,12548,'2025-05-19','148.229.21.135','DESKTOP-LUICNRD'),(1412,11892,'2025-05-19','148.229.22.55','COMPUTO1'),(1413,23041,'2025-05-19','148.229.21.133','ISAAC'),(1414,357756,'2025-05-19','148.229.22.103','DESKTOP-0FE2HSI'),(1415,25261,'2025-05-19','148.229.22.103','DESKTOP-0FE2HSI'),(1416,92083,'2025-05-20','148.229.20.240','ELECTRONICA-01'),(1417,8727,'2025-05-20','148.229.22.55','COMPUTO1'),(1418,358307,'2025-05-20','148.229.22.103','DESKTOP-0FE2HSI'),(1419,9179,'2025-05-20','148.229.22.87','DESKTOP-1043L9G'),(1420,23041,'2025-05-20','148.229.21.133','ISAAC'),(1421,358307,'2025-05-20','148.229.22.103','DESKTOP-0FE2HSI'),(1422,12548,'2025-05-20','148.229.21.135','DESKTOP-LUICNRD'),(1423,357756,'2025-05-20','148.229.22.103','DESKTOP-0FE2HSI'),(1424,12548,'2025-05-20','148.229.21.135','DESKTOP-LUICNRD'),(1425,15124,'2025-05-20','148.229.22.131','DESKTOP-TDSEQFT'),(1426,12548,'2025-05-20','148.229.21.135','DESKTOP-LUICNRD'),(1427,7645,'2025-05-20','192.168.56.1','DESKTOP-IS7JVBG'),(1428,358307,'2025-05-20','148.229.22.103','DESKTOP-0FE2HSI'),(1429,92083,'2025-05-21','148.229.20.240','ELECTRONICA-01'),(1430,12548,'2025-05-21','148.229.21.135','DESKTOP-LUICNRD'),(1431,8727,'2025-05-21','148.229.22.55','COMPUTO1'),(1432,357756,'2025-05-21','148.229.22.103','DESKTOP-0FE2HSI'),(1433,7645,'2025-05-21','192.168.56.1','DESKTOP-IS7JVBG'),(1434,9179,'2025-05-21','148.229.22.87','DESKTOP-1043L9G'),(1435,25261,'2025-05-21','148.229.22.103','DESKTOP-0FE2HSI'),(1436,7645,'2025-05-21','192.168.56.1','DESKTOP-IS7JVBG'),(1437,25261,'2025-05-21','148.229.22.103','DESKTOP-0FE2HSI'),(1438,92083,'2025-05-22','148.229.20.240','ELECTRONICA-01'),(1439,12548,'2025-05-22','148.229.21.135','DESKTOP-LUICNRD'),(1440,8727,'2025-05-22','148.229.22.55','COMPUTO1'),(1441,357756,'2025-05-22','148.229.22.103','DESKTOP-0FE2HSI'),(1442,357756,'2025-05-22','148.229.22.103','DESKTOP-0FE2HSI'),(1443,7645,'2025-05-22','192.168.56.1','DESKTOP-IS7JVBG'),(1444,25261,'2025-05-22','148.229.22.103','DESKTOP-0FE2HSI'),(1445,92083,'2025-05-23','148.229.20.240','ELECTRONICA-01'),(1446,8727,'2025-05-23','148.229.22.55','COMPUTO1'),(1447,358307,'2025-05-23','148.229.22.103','DESKTOP-0FE2HSI'),(1448,12548,'2025-05-23','148.229.21.135','DESKTOP-LUICNRD'),(1449,7645,'2025-05-23','192.168.56.1','DESKTOP-IS7JVBG'),(1450,358307,'2025-05-23','148.229.22.103','DESKTOP-0FE2HSI'),(1451,7645,'2025-05-23','192.168.56.1','DESKTOP-IS7JVBG'),(1452,9179,'2025-05-23','148.229.22.87','DESKTOP-1043L9G'),(1453,8727,'2025-05-26','148.229.22.55','COMPUTO1'),(1454,23041,'2025-05-26','148.229.21.133','ISAAC'),(1455,12548,'2025-05-26','148.229.21.135','DESKTOP-LUICNRD'),(1456,9179,'2025-05-26','148.229.22.87','DESKTOP-1043L9G'),(1457,357756,'2025-05-26','148.229.22.103','DESKTOP-0FE2HSI'),(1458,357756,'2025-05-26','148.229.22.103','DESKTOP-0FE2HSI'),(1459,23041,'2025-05-26','148.229.21.133','ISAAC'),(1460,12548,'2025-05-26','148.229.21.135','DESKTOP-LUICNRD'),(1461,9190,'2025-05-26','148.229.20.240','ELECTRONICA-01'),(1462,25261,'2025-05-26','148.229.22.103','DESKTOP-0FE2HSI'),(1463,25261,'2025-05-26','148.229.22.103','DESKTOP-0FE2HSI'),(1464,92083,'2025-05-27','148.229.20.240','ELECTRONICA-01'),(1465,8727,'2025-05-27','148.229.22.55','COMPUTO1'),(1466,12548,'2025-05-27','148.229.21.135','DESKTOP-LUICNRD'),(1467,357756,'2025-05-27','148.229.22.103','DESKTOP-0FE2HSI'),(1468,357756,'2025-05-27','148.229.22.103','DESKTOP-0FE2HSI'),(1469,11892,'2025-05-27','148.229.20.240','ELECTRONICA-01'),(1470,7645,'2025-05-27','192.168.56.1','DESKTOP-IS7JVBG'),(1471,23041,'2025-05-27','148.229.21.133','ISAAC'),(1472,92083,'2025-05-28','148.229.20.240','ELECTRONICA-01'),(1473,23041,'2025-05-28','148.229.21.133','ISAAC'),(1474,12548,'2025-05-28','148.229.21.135','DESKTOP-LUICNRD'),(1475,12548,'2025-05-28','148.229.22.103','DESKTOP-0FE2HSI'),(1476,12548,'2025-05-28','148.229.21.135','DESKTOP-LUICNRD'),(1477,8727,'2025-05-28','148.229.22.55','COMPUTO1'),(1478,92083,'2025-05-29','148.229.20.240','ELECTRONICA-01'),(1479,8727,'2025-05-29','148.229.22.55','COMPUTO1'),(1480,23041,'2025-05-29','148.229.21.133','ISAAC'),(1481,12548,'2025-05-29','148.229.21.135','DESKTOP-LUICNRD'),(1482,358307,'2025-05-30','148.229.22.103','DESKTOP-0FE2HSI'),(1483,9190,'2025-05-30','148.229.20.240','ELECTRONICA-01'),(1484,12548,'2025-05-30','148.229.21.135','DESKTOP-LUICNRD'),(1485,23041,'2025-05-30','148.229.21.133','ISAAC'),(1486,357756,'2025-05-30','148.229.22.103','DESKTOP-0FE2HSI'),(1487,9190,'2025-05-30','148.229.20.240','ELECTRONICA-01'),(1488,23041,'2025-05-30','148.229.21.133','ISAAC'),(1489,8727,'2025-05-30','148.229.22.55','COMPUTO1'),(1490,9179,'2025-05-30','148.229.22.87','DESKTOP-1043L9G'),(1491,23041,'2025-05-30','148.229.21.133','ISAAC'),(1492,8727,'2025-06-02','148.229.22.55','COMPUTO1'),(1493,23041,'2025-06-02','148.229.21.133','ISAAC'),(1494,15124,'2025-06-02','148.229.22.131','DESKTOP-TDSEQFT'),(1495,15124,'2025-06-02','148.229.22.131','DESKTOP-TDSEQFT'),(1496,23041,'2025-06-02','148.229.21.133','ISAAC'),(1497,23041,'2025-06-02','148.229.21.133','ISAAC'),(1498,23041,'2025-06-02','148.229.21.133','ISAAC'),(1499,23041,'2025-06-02','148.229.21.133','ISAAC'),(1500,25261,'2025-06-02','148.229.22.103','DESKTOP-0FE2HSI'),(1501,23041,'2025-06-02','148.229.21.133','ISAAC'),(1502,23041,'2025-06-02','148.229.21.133','ISAAC'),(1503,358307,'2025-06-03','148.229.22.103','DESKTOP-0FE2HSI'),(1504,358307,'2025-06-03','148.229.22.103','DESKTOP-0FE2HSI'),(1505,23041,'2025-06-03','148.229.21.133','ISAAC'),(1506,23041,'2025-06-03','148.229.21.133','ISAAC'),(1507,15124,'2025-06-03','148.229.22.131','DESKTOP-TDSEQFT'),(1508,23041,'2025-06-03','148.229.21.133','ISAAC'),(1509,23041,'2025-06-03','148.229.21.133','ISAAC'),(1510,2369,'2025-06-03','148.229.22.103','DESKTOP-0FE2HSI'),(1511,2369,'2025-06-03','148.229.22.103','DESKTOP-0FE2HSI'),(1512,2369,'2025-06-03','148.229.22.103','DESKTOP-0FE2HSI'),(1513,2369,'2025-06-03','148.229.22.103','DESKTOP-0FE2HSI'),(1514,2369,'2025-06-03','148.229.22.103','DESKTOP-0FE2HSI'),(1515,2369,'2025-06-03','148.229.22.103','DESKTOP-0FE2HSI'),(1516,2369,'2025-06-03','148.229.22.103','DESKTOP-0FE2HSI'),(1517,358307,'2025-06-04','148.229.22.103','DESKTOP-0FE2HSI'),(1518,2369,'2025-06-04','148.229.22.103','DESKTOP-0FE2HSI'),(1519,25261,'2025-06-04','148.229.22.103','DESKTOP-0FE2HSI'),(1520,23041,'2025-06-04','148.229.21.133','ISAAC'),(1521,8727,'2025-06-05','148.229.22.55','COMPUTO1'),(1522,12548,'2025-06-05','148.229.21.135','DESKTOP-LUICNRD'),(1523,15124,'2025-06-05','148.229.22.131','DESKTOP-TDSEQFT'),(1524,25261,'2025-06-05','148.229.22.103','DESKTOP-0FE2HSI'),(1525,23041,'2025-06-05','148.229.21.133','ISAAC'),(1526,23041,'2025-06-05','148.229.21.133','ISAAC'),(1527,23041,'2025-06-05','148.229.21.133','ISAAC'),(1528,15124,'2025-06-06','148.229.22.131','DESKTOP-TDSEQFT'),(1529,8727,'2025-06-06','148.229.22.55','COMPUTO1'),(1530,23041,'2025-06-06','148.229.21.133','ISAAC'),(1531,23041,'2025-06-06','148.229.21.133','ISAAC'),(1532,23041,'2025-06-09','148.229.21.133','ISAAC'),(1533,92083,'2025-06-09','148.229.20.240','ELECTRONICA-01'),(1534,23041,'2025-06-09','148.229.21.133','ISAAC'),(1535,12548,'2025-06-09','148.229.22.103','DESKTOP-0FE2HSI'),(1536,12548,'2025-06-09','148.229.21.135','DESKTOP-LUICNRD'),(1537,25261,'2025-06-09','148.229.22.103','DESKTOP-0FE2HSI'),(1538,23041,'2025-06-10','148.229.21.133','ISAAC'),(1539,23041,'2025-06-10','148.229.21.133','ISAAC'),(1540,23041,'2025-06-11','148.229.21.133','ISAAC'),(1541,358307,'2025-06-11','148.229.22.103','DESKTOP-0FE2HSI'),(1542,23041,'2025-06-11','148.229.21.133','ISAAC'),(1543,23041,'2025-06-11','148.229.21.133','ISAAC'),(1544,23041,'2025-06-11','148.229.21.133','ISAAC'),(1545,23041,'2025-06-12','148.229.21.133','ISAAC'),(1546,23041,'2025-06-12','148.229.21.133','ISAAC'),(1547,358307,'2025-06-12','148.229.22.103','DESKTOP-0FE2HSI'),(1548,23041,'2025-06-12','148.229.21.133','ISAAC'),(1549,2369,'2025-06-12','148.229.22.103','DESKTOP-0FE2HSI'),(1550,12548,'2025-06-13','148.229.21.135','DESKTOP-LUICNRD'),(1551,23041,'2025-06-13','148.229.21.133','ISAAC'),(1552,23041,'2025-06-14','148.229.21.133','ISAAC'),(1553,23041,'2025-06-16','148.229.21.133','ISAAC'),(1554,23041,'2025-06-16','148.229.21.133','ISAAC'),(1555,358307,'2025-06-16','148.229.22.103','DESKTOP-0FE2HSI'),(1556,12548,'2025-06-16','148.229.21.135','DESKTOP-LUICNRD'),(1557,358307,'2025-06-16','148.229.22.103','DESKTOP-0FE2HSI'),(1558,358307,'2025-06-16','148.229.22.103','DESKTOP-0FE2HSI'),(1559,23041,'2025-06-16','148.229.21.133','ISAAC'),(1560,25261,'2025-06-16','148.229.22.103','DESKTOP-0FE2HSI'),(1561,2369,'2025-06-16','148.229.22.103','DESKTOP-0FE2HSI'),(1562,358307,'2025-06-17','148.229.22.103','DESKTOP-0FE2HSI'),(1563,358307,'2025-06-17','148.229.22.103','DESKTOP-0FE2HSI'),(1564,23041,'2025-06-17','148.229.21.133','ISAAC'),(1565,358307,'2025-06-17','148.229.22.103','DESKTOP-0FE2HSI'),(1566,25261,'2025-06-17','148.229.22.103','DESKTOP-0FE2HSI'),(1567,25261,'2025-06-17','148.229.22.103','DESKTOP-0FE2HSI'),(1568,23041,'2025-06-18','148.229.21.133','ISAAC'),(1569,358307,'2025-06-18','148.229.22.103','DESKTOP-0FE2HSI'),(1570,23041,'2025-06-18','148.229.21.133','ISAAC'),(1571,12548,'2025-06-18','148.229.21.135','DESKTOP-LUICNRD'),(1572,23041,'2025-06-18','148.229.21.133','ISAAC'),(1573,23041,'2025-06-18','148.229.21.133','ISAAC'),(1574,25261,'2025-06-18','148.229.22.103','DESKTOP-0FE2HSI'),(1575,23041,'2025-06-18','148.229.21.133','ISAAC'),(1576,23041,'2025-06-18','148.229.21.133','ISAAC'),(1577,9179,'2025-06-18','148.229.22.87','DESKTOP-1043L9G'),(1578,25261,'2025-06-18','148.229.22.103','DESKTOP-0FE2HSI'),(1579,12548,'2025-06-19','148.229.21.135','DESKTOP-LUICNRD'),(1580,23041,'2025-06-19','148.229.21.133','ISAAC'),(1581,358307,'2025-06-19','148.229.22.103','DESKTOP-0FE2HSI'),(1582,12548,'2025-06-20','148.229.21.135','DESKTOP-LUICNRD'),(1583,25261,'2025-06-20','148.229.22.103','DESKTOP-0FE2HSI'),(1584,25261,'2025-06-20','148.229.22.131','DESKTOP-TDSEQFT'),(1585,23041,'2025-06-23','148.229.21.133','ISAAC'),(1586,23041,'2025-06-23','148.229.21.133','ISAAC'),(1587,23041,'2025-06-23','148.229.21.133','ISAAC'),(1588,12548,'2025-06-23','148.229.21.135','DESKTOP-LUICNRD'),(1589,23041,'2025-06-24','148.229.21.133','ISAAC'),(1590,12548,'2025-06-24','148.229.21.135','DESKTOP-LUICNRD'),(1591,23041,'2025-06-24','148.229.21.133','ISAAC'),(1592,9179,'2025-06-24','148.229.22.87','DESKTOP-1043L9G'),(1593,25261,'2025-06-24','148.229.22.103','DESKTOP-0FE2HSI'),(1594,23041,'2025-06-25','148.229.21.133','ISAAC'),(1595,25261,'2025-06-25','148.229.22.103','DESKTOP-0FE2HSI'),(1596,23041,'2025-06-25','148.229.21.133','ISAAC'),(1597,23041,'2025-06-25','148.229.21.133','ISAAC'),(1598,23041,'2025-06-25','148.229.21.133','ISAAC'),(1599,23041,'2025-06-25','148.229.21.133','ISAAC'),(1600,23041,'2025-06-25','148.229.21.133','ISAAC'),(1601,23041,'2025-06-25','148.229.21.133','ISAAC'),(1602,23041,'2025-06-25','148.229.21.133','ISAAC'),(1603,23041,'2025-06-25','148.229.21.133','ISAAC'),(1604,23041,'2025-06-25','148.229.21.133','ISAAC'),(1605,23041,'2025-06-25','148.229.21.133','ISAAC'),(1606,12548,'2025-06-26','148.229.21.135','DESKTOP-LUICNRD'),(1607,23041,'2025-06-26','148.229.21.133','ISAAC'),(1608,23041,'2025-06-26','148.229.21.133','ISAAC'),(1609,25261,'2025-06-26','148.229.22.103','DESKTOP-0FE2HSI'),(1610,12548,'2025-06-27','148.229.21.135','DESKTOP-LUICNRD'),(1611,23041,'2025-06-27','148.229.21.133','ISAAC'),(1612,25261,'2025-06-27','148.229.22.103','DESKTOP-0FE2HSI'),(1613,23041,'2025-06-30','148.229.21.133','ISAAC'),(1614,23041,'2025-06-30','148.229.21.133','ISAAC'),(1615,25261,'2025-06-30','148.229.22.103','DESKTOP-0FE2HSI'),(1616,9179,'2025-06-30','148.229.22.87','DESKTOP-1043L9G'),(1617,8727,'2025-07-01','148.229.22.55','COMPUTO1'),(1618,23041,'2025-07-01','148.229.21.133','ISAAC'),(1619,12548,'2025-07-02','148.229.21.135','DESKTOP-LUICNRD'),(1620,23041,'2025-07-02','148.229.21.133','ISAAC'),(1621,23041,'2025-07-02','148.229.21.133','ISAAC'),(1622,23041,'2025-07-02','148.229.21.133','ISAAC'),(1623,23041,'2025-07-02','148.229.21.133','ISAAC'),(1624,23041,'2025-07-02','148.229.21.133','ISAAC'),(1625,23041,'2025-07-02','148.229.21.133','ISAAC'),(1626,23041,'2025-07-02','148.229.21.133','ISAAC'),(1627,23041,'2025-07-02','148.229.21.133','ISAAC'),(1628,23041,'2025-07-02','148.229.21.133','ISAAC'),(1629,23041,'2025-07-02','148.229.21.133','ISAAC'),(1630,23041,'2025-07-02','148.229.21.133','ISAAC'),(1631,25261,'2025-07-02','148.229.22.103','DESKTOP-0FE2HSI'),(1632,23041,'2025-07-07','148.229.21.133','ISAAC'),(1633,15124,'2025-07-29','148.229.21.179','DESKTOP-TDSEQFT'),(1634,23041,'2025-07-29','148.229.21.133','ISAAC'),(1635,12548,'2025-07-29','148.229.21.135','DESKTOP-LUICNRD'),(1636,358307,'2025-07-29','148.229.22.103','DESKTOP-0FE2HSI'),(1637,15124,'2025-07-30','148.229.21.179','DESKTOP-TDSEQFT'),(1638,12548,'2025-07-30','148.229.21.135','DESKTOP-LUICNRD'),(1639,15124,'2025-07-31','148.229.21.179','DESKTOP-TDSEQFT'),(1640,12548,'2025-07-31','148.229.21.135','DESKTOP-LUICNRD'),(1641,12548,'2025-07-31','148.229.21.135','DESKTOP-LUICNRD'),(1642,23041,'2025-07-31','148.229.21.133','ISAAC'),(1643,23041,'2025-07-31','148.229.21.133','ISAAC'),(1644,23041,'2025-07-31','148.229.21.133','ISAAC'),(1645,23041,'2025-07-31','148.229.21.133','ISAAC'),(1646,12548,'2025-08-01','148.229.21.135','DESKTOP-LUICNRD'),(1647,358307,'2025-08-01','148.229.22.103','DESKTOP-0FE2HSI'),(1648,15124,'2025-08-04','148.229.21.179','DESKTOP-TDSEQFT'),(1649,358307,'2025-08-04','148.229.22.103','DESKTOP-0FE2HSI'),(1650,23041,'2025-08-04','148.229.21.133','ISAAC'),(1651,12548,'2025-08-04','148.229.21.135','DESKTOP-LUICNRD'),(1652,358307,'2025-08-04','148.229.22.103','DESKTOP-0FE2HSI'),(1653,358307,'2025-08-05','148.229.22.103','DESKTOP-0FE2HSI'),(1654,358307,'2025-08-05','148.229.22.103','DESKTOP-0FE2HSI'),(1655,25261,'2025-08-05','148.229.22.103','DESKTOP-0FE2HSI'),(1656,15124,'2025-08-06','148.229.21.179','DESKTOP-TDSEQFT'),(1657,12548,'2025-08-06','148.229.21.135','DESKTOP-LUICNRD'),(1658,7645,'2025-08-06','192.168.56.1','DESKTOP-IS7JVBG'),(1659,15124,'2025-08-06','148.229.21.179','DESKTOP-TDSEQFT'),(1660,23041,'2025-08-06','148.229.21.133','ISAAC'),(1661,25261,'2025-08-06','148.229.22.103','DESKTOP-0FE2HSI'),(1662,23041,'2025-08-07','148.229.21.133','ISAAC'),(1663,12548,'2025-08-07','148.229.21.135','DESKTOP-LUICNRD'),(1664,15124,'2025-08-07','148.229.21.179','DESKTOP-TDSEQFT'),(1665,25261,'2025-08-07','148.229.22.103','DESKTOP-0FE2HSI'),(1666,358307,'2025-08-07','148.229.22.103','DESKTOP-0FE2HSI'),(1667,15124,'2025-08-07','148.229.21.179','DESKTOP-TDSEQFT'),(1668,23040,'2025-08-07','148.229.21.237','DESKTOP-9EOPOFI'),(1669,23041,'2025-08-07','148.229.21.133','ISAAC'),(1670,7645,'2025-08-08','192.168.56.1','DESKTOP-IS7JVBG'),(1671,25261,'2025-08-08','148.229.22.103','DESKTOP-0FE2HSI'),(1672,23040,'2025-08-08','148.229.21.237','DESKTOP-9EOPOFI'),(1673,23040,'2025-08-08','148.229.21.237','DESKTOP-9EOPOFI'),(1674,23041,'2025-08-08','148.229.21.133','ISAAC'),(1675,7645,'2025-08-11','192.168.56.1','DESKTOP-IS7JVBG'),(1676,8727,'2025-08-11','148.229.22.55','COMPUTO1'),(1677,7645,'2025-08-11','192.168.56.1','DESKTOP-IS7JVBG'),(1678,15124,'2025-08-11','148.229.22.84','DESKTOP-TDSEQFT'),(1679,358307,'2025-08-11','148.229.22.103','DESKTOP-0FE2HSI'),(1680,25261,'2025-08-11','148.229.22.103','DESKTOP-0FE2HSI'),(1681,9179,'2025-08-12','148.229.22.87','DESKTOP-1043L9G'),(1682,23040,'2025-08-12','148.229.21.237','DESKTOP-9EOPOFI'),(1683,8727,'2025-08-12','148.229.22.55','COMPUTO1'),(1684,9179,'2025-08-12','148.229.22.87','DESKTOP-1043L9G'),(1685,12548,'2025-08-12','148.229.21.135','DESKTOP-LUICNRD'),(1686,15124,'2025-08-12','148.229.22.84','DESKTOP-TDSEQFT'),(1687,25261,'2025-08-12','148.229.22.103','DESKTOP-0FE2HSI'),(1688,8727,'2025-08-13','148.229.22.55','COMPUTO1'),(1689,92083,'2025-08-13','148.229.20.240','ELECTRONICA-01'),(1690,15124,'2025-08-13','148.229.22.84','DESKTOP-TDSEQFT'),(1691,357756,'2025-08-13','148.229.22.103','DESKTOP-0FE2HSI'),(1692,7645,'2025-08-13','192.168.56.1','DESKTOP-IS7JVBG'),(1693,12548,'2025-08-13','148.229.21.135','DESKTOP-LUICNRD'),(1694,25261,'2025-08-13','148.229.22.103','DESKTOP-0FE2HSI'),(1695,23041,'2025-08-13','148.229.21.133','ISAAC'),(1696,8727,'2025-08-14','148.229.22.55','COMPUTO1'),(1697,357756,'2025-08-14','148.229.22.103','DESKTOP-0FE2HSI'),(1698,12548,'2025-08-14','148.229.21.135','DESKTOP-LUICNRD'),(1699,23041,'2025-08-14','148.229.21.133','ISAAC'),(1700,15124,'2025-08-14','148.229.22.84','DESKTOP-TDSEQFT'),(1701,7645,'2025-08-14','192.168.56.1','DESKTOP-IS7JVBG'),(1702,358307,'2025-08-14','148.229.22.103','DESKTOP-0FE2HSI'),(1703,23041,'2025-08-14','148.229.21.133','ISAAC'),(1704,25261,'2025-08-14','148.229.22.103','DESKTOP-0FE2HSI'),(1705,92083,'2025-08-15','148.229.20.240','ELECTRONICA-01'),(1706,15124,'2025-08-15','148.229.22.84','DESKTOP-TDSEQFT'),(1707,8727,'2025-08-15','148.229.22.55','COMPUTO1'),(1708,12548,'2025-08-15','148.229.21.135','DESKTOP-LUICNRD'),(1709,25261,'2025-08-15','148.229.22.103','DESKTOP-0FE2HSI'),(1710,7645,'2025-08-15','192.168.56.1','DESKTOP-IS7JVBG'),(1711,8727,'2025-08-16','148.229.22.55','COMPUTO1'),(1712,8727,'2025-08-18','148.229.22.55','COMPUTO1'),(1713,7645,'2025-08-18','148.229.20.240','ELECTRONICA-01'),(1714,23041,'2025-08-18','148.229.21.133','ISAAC'),(1715,358307,'2025-08-18','148.229.22.103','DESKTOP-0FE2HSI'),(1716,358307,'2025-08-18','148.229.21.135','DESKTOP-LUICNRD'),(1717,23041,'2025-08-18','148.229.21.133','ISAAC'),(1718,25261,'2025-08-18','148.229.22.103','DESKTOP-0FE2HSI'),(1719,11892,'2025-08-19','148.229.20.240','ELECTRONICA-01'),(1720,23041,'2025-08-19','148.229.21.133','ISAAC'),(1721,15124,'2025-08-19','148.229.22.84','DESKTOP-TDSEQFT'),(1722,357756,'2025-08-19','148.229.21.135','DESKTOP-LUICNRD'),(1723,23041,'2025-08-19','148.229.21.133','ISAAC'),(1724,358307,'2025-08-19','148.229.21.135','DESKTOP-LUICNRD'),(1725,357756,'2025-08-19','148.229.21.135','DESKTOP-LUICNRD'),(1726,15124,'2025-08-19','148.229.22.84','DESKTOP-TDSEQFT'),(1727,25261,'2025-08-19','148.229.22.103','DESKTOP-0FE2HSI'),(1728,8727,'2025-08-20','148.229.22.55','COMPUTO1'),(1729,92083,'2025-08-20','148.229.20.240','ELECTRONICA-01'),(1730,23040,'2025-08-20','148.229.21.193','DESKTOP-9EOPOFI'),(1731,357756,'2025-08-20','148.229.21.135','DESKTOP-LUICNRD'),(1732,23040,'2025-08-20','148.229.21.193','DESKTOP-9EOPOFI'),(1733,23040,'2025-08-20','148.229.21.193','DESKTOP-9EOPOFI'),(1734,23041,'2025-08-20','148.229.21.133','ISAAC'),(1735,23041,'2025-08-20','148.229.21.133','ISAAC'),(1736,25261,'2025-08-20','148.229.22.103','DESKTOP-0FE2HSI'),(1737,15124,'2025-08-21','148.229.22.84','DESKTOP-TDSEQFT'),(1738,15124,'2025-08-21','148.229.22.84','DESKTOP-TDSEQFT'),(1739,92083,'2025-08-21','148.229.20.240','ELECTRONICA-01'),(1740,23041,'2025-08-21','148.229.21.133','ISAAC'),(1741,12548,'2025-08-21','148.229.21.135','DESKTOP-LUICNRD'),(1742,15124,'2025-08-21','148.229.22.84','DESKTOP-TDSEQFT'),(1743,15124,'2025-08-21','148.229.22.84','DESKTOP-TDSEQFT'),(1744,23041,'2025-08-21','148.229.21.133','ISAAC'),(1745,15124,'2025-08-21','148.229.22.84','DESKTOP-TDSEQFT'),(1746,26151,'2025-08-21','148.229.21.147','DESKTOP-T9PNNE3'),(1747,25261,'2025-08-21','148.229.22.103','DESKTOP-0FE2HSI'),(1748,12548,'2025-08-21','148.229.21.135','DESKTOP-LUICNRD'),(1749,8727,'2025-08-22','148.229.22.55','COMPUTO1'),(1750,92083,'2025-08-22','148.229.20.240','ELECTRONICA-01'),(1751,12548,'2025-08-22','148.229.21.135','DESKTOP-LUICNRD'),(1752,23041,'2025-08-22','148.229.21.133','ISAAC'),(1753,357756,'2025-08-22','148.229.22.103','DESKTOP-0FE2HSI'),(1754,15124,'2025-08-22','148.229.22.84','DESKTOP-TDSEQFT'),(1755,7645,'2025-08-22','192.168.56.1','DESKTOP-IS7JVBG'),(1756,23041,'2025-08-22','148.229.21.133','ISAAC'),(1757,26151,'2025-08-22','148.229.21.147','DESKTOP-T9PNNE3'),(1758,25261,'2025-08-22','148.229.22.103','DESKTOP-0FE2HSI'),(1759,8727,'2025-08-25','148.229.22.55','COMPUTO1'),(1760,92083,'2025-08-25','148.229.20.240','ELECTRONICA-01'),(1761,12548,'2025-08-25','148.229.21.135','DESKTOP-LUICNRD'),(1762,15124,'2025-08-25','148.229.22.84','DESKTOP-TDSEQFT'),(1763,26151,'2025-08-25','148.229.21.147','DESKTOP-T9PNNE3'),(1764,357756,'2025-08-25','148.229.22.103','DESKTOP-0FE2HSI'),(1765,23041,'2025-08-25','148.229.21.133','ISAAC'),(1766,23041,'2025-08-25','148.229.21.133','ISAAC'),(1767,8727,'2025-08-26','148.229.22.55','COMPUTO1'),(1768,12548,'2025-08-26','148.229.21.135','DESKTOP-LUICNRD'),(1769,15124,'2025-08-26','148.229.22.84','DESKTOP-TDSEQFT'),(1770,92083,'2025-08-26','148.229.20.240','ELECTRONICA-01'),(1771,15124,'2025-08-26','148.229.22.84','DESKTOP-TDSEQFT'),(1772,358307,'2025-08-26','148.229.22.103','DESKTOP-0FE2HSI'),(1773,358307,'2025-08-26','148.229.22.103','DESKTOP-0FE2HSI'),(1774,8727,'2025-08-27','148.229.22.55','COMPUTO1'),(1775,11892,'2025-08-27','148.229.20.240','ELECTRONICA-01'),(1776,12548,'2025-08-27','148.229.21.135','DESKTOP-LUICNRD'),(1777,12548,'2025-08-27','148.229.22.103','DESKTOP-0FE2HSI'),(1778,7645,'2025-08-27','192.168.56.1','DESKTOP-IS7JVBG'),(1779,15124,'2025-08-27','148.229.22.84','DESKTOP-TDSEQFT'),(1780,23041,'2025-08-27','148.229.21.133','ISAAC'),(1781,7645,'2025-08-27','192.168.56.1','DESKTOP-IS7JVBG'),(1782,7645,'2025-08-27','192.168.56.1','DESKTOP-IS7JVBG'),(1783,25261,'2025-08-27','148.229.22.103','DESKTOP-0FE2HSI'),(1784,8727,'2025-08-28','148.229.22.55','COMPUTO1'),(1785,12548,'2025-08-28','148.229.21.135','DESKTOP-LUICNRD'),(1786,357756,'2025-08-28','148.229.22.103','DESKTOP-0FE2HSI'),(1787,12548,'2025-08-28','148.229.21.135','DESKTOP-LUICNRD'),(1788,23041,'2025-08-28','148.229.21.133','ISAAC'),(1789,23041,'2025-08-28','148.229.21.133','ISAAC'),(1790,23041,'2025-08-28','148.229.21.133','ISAAC'),(1791,9190,'2025-08-28','148.229.20.240','ELECTRONICA-01'),(1792,23041,'2025-08-28','148.229.21.133','ISAAC'),(1793,23041,'2025-08-28','148.229.21.133','ISAAC'),(1794,23041,'2025-08-28','148.229.21.133','ISAAC'),(1795,23041,'2025-08-28','148.229.21.133','ISAAC'),(1796,11892,'2025-08-29','148.229.20.240','ELECTRONICA-01'),(1797,8727,'2025-08-29','148.229.22.55','COMPUTO1'),(1798,12548,'2025-08-29','148.229.21.135','DESKTOP-LUICNRD'),(1799,357756,'2025-08-29','148.229.22.103','DESKTOP-0FE2HSI'),(1800,23041,'2025-08-29','148.229.21.133','ISAAC'),(1801,23041,'2025-08-29','148.229.21.133','ISAAC'),(1802,23041,'2025-08-29','148.229.21.133','ISAAC'),(1803,25261,'2025-08-29','148.229.22.103','DESKTOP-0FE2HSI'),(1804,8727,'2025-08-30','148.229.22.55','COMPUTO1'),(1805,8727,'2025-09-01','148.229.22.55','COMPUTO1'),(1806,92083,'2025-09-01','148.229.20.240','ELECTRONICA-01'),(1807,7645,'2025-09-01','192.168.56.1','DESKTOP-IS7JVBG'),(1808,358307,'2025-09-01','148.229.22.103','DESKTOP-0FE2HSI'),(1809,23041,'2025-09-01','148.229.21.133','ISAAC'),(1810,23040,'2025-09-01','148.229.21.193','DESKTOP-9EOPOFI'),(1811,15124,'2025-09-01','148.229.22.84','DESKTOP-TDSEQFT'),(1812,358307,'2025-09-01','148.229.21.135','DESKTOP-LUICNRD'),(1813,23041,'2025-09-01','148.229.21.133','ISAAC'),(1814,8727,'2025-09-02','148.229.22.55','COMPUTO1'),(1815,11070,'2025-09-02','148.229.20.240','ELECTRONICA-01'),(1816,358307,'2025-09-02','148.229.22.103','DESKTOP-0FE2HSI'),(1817,357756,'2025-09-02','148.229.22.103','DESKTOP-0FE2HSI'),(1818,12548,'2025-09-02','148.229.21.135','DESKTOP-LUICNRD'),(1819,23040,'2025-09-02','148.229.22.103','DESKTOP-0FE2HSI'),(1820,23041,'2025-09-02','148.229.21.133','ISAAC'),(1821,8727,'2025-09-03','148.229.22.55','COMPUTO1'),(1822,23040,'2025-09-03','148.229.22.103','DESKTOP-0FE2HSI'),(1823,92083,'2025-09-03','148.229.20.240','ELECTRONICA-01'),(1824,23040,'2025-09-03','148.229.22.103','DESKTOP-0FE2HSI'),(1825,12548,'2025-09-03','148.229.21.135','DESKTOP-LUICNRD'),(1826,23040,'2025-09-03','148.229.21.193','DESKTOP-9EOPOFI'),(1827,344093,'2025-09-03','148.229.22.103','DESKTOP-0FE2HSI'),(1828,23041,'2025-09-03','148.229.21.133','ISAAC'),(1829,23041,'2025-09-03','148.229.21.133','ISAAC'),(1830,15718,'2025-09-03','148.229.22.103','DESKTOP-0FE2HSI'),(1831,15718,'2025-09-03','148.229.22.103','DESKTOP-0FE2HSI'),(1832,8727,'2025-09-04','148.229.22.55','COMPUTO1'),(1833,344093,'2025-09-04','148.229.22.103','DESKTOP-0FE2HSI'),(1834,12548,'2025-09-04','148.229.21.135','DESKTOP-LUICNRD'),(1835,11070,'2025-09-04','148.229.20.240','ELECTRONICA-01'),(1836,23041,'2025-09-04','148.229.21.133','ISAAC'),(1837,23041,'2025-09-04','148.229.21.133','ISAAC'),(1838,23041,'2025-09-04','148.229.21.133','ISAAC'),(1839,15124,'2025-09-04','148.229.22.84','DESKTOP-TDSEQFT'),(1840,23041,'2025-09-04','148.229.21.133','ISAAC'),(1841,23041,'2025-09-04','148.229.21.133','ISAAC'),(1842,23041,'2025-09-04','148.229.21.133','ISAAC'),(1843,23041,'2025-09-04','148.229.21.133','ISAAC'),(1844,23041,'2025-09-04','148.229.21.133','ISAAC'),(1845,23041,'2025-09-04','148.229.21.133','ISAAC'),(1846,23041,'2025-09-04','148.229.21.133','ISAAC'),(1847,23041,'2025-09-04','148.229.21.133','ISAAC'),(1848,23041,'2025-09-04','148.229.21.133','ISAAC'),(1849,8727,'2025-09-04','148.229.22.55','COMPUTO1'),(1850,15718,'2025-09-04','148.229.22.103','DESKTOP-0FE2HSI'),(1851,8727,'2025-09-05','148.229.22.55','COMPUTO1'),(1852,23041,'2025-09-05','148.229.21.133','ISAAC'),(1853,92083,'2025-09-05','148.229.20.240','ELECTRONICA-01'),(1854,12548,'2025-09-05','148.229.21.135','DESKTOP-LUICNRD'),(1855,23041,'2025-09-05','148.229.21.133','ISAAC'),(1856,357756,'2025-09-05','148.229.22.103','DESKTOP-0FE2HSI'),(1857,23041,'2025-09-05','148.229.21.133','ISAAC'),(1858,23040,'2025-09-05','148.229.21.193','DESKTOP-9EOPOFI'),(1859,7645,'2025-09-05','192.168.56.1','DESKTOP-IS7JVBG'),(1860,23040,'2025-09-05','148.229.21.193','DESKTOP-9EOPOFI'),(1861,15718,'2025-09-05','148.229.22.103','DESKTOP-0FE2HSI'),(1862,23041,'2025-09-08','148.229.21.133','ISAAC'),(1863,8727,'2025-09-08','148.229.22.55','COMPUTO1'),(1864,11892,'2025-09-08','148.229.20.240','ELECTRONICA-01');
/*!40000 ALTER TABLE `registro_acceso` ENABLE KEYS */;
UNLOCK TABLES;

--
-- Table structure for table `usuarios`
--

DROP TABLE IF EXISTS `usuarios`;
/*!40101 SET @saved_cs_client     = @@character_set_client */;
/*!50503 SET character_set_client = utf8mb4 */;
CREATE TABLE `usuarios` (
  `no_empleado` int NOT NULL,
  `nombre` text NOT NULL,
  `pass` text NOT NULL,
  `id_perfil` int NOT NULL,
  `info_maestros` int NOT NULL,
  `info_alumnos` int NOT NULL,
  `activo` int NOT NULL,
  PRIMARY KEY (`no_empleado`)
) ENGINE=InnoDB DEFAULT CHARSET=utf8mb4 COLLATE=utf8mb4_0900_ai_ci;
/*!40101 SET character_set_client = @saved_cs_client */;

--
-- Dumping data for table `usuarios`
--

LOCK TABLES `usuarios` WRITE;
/*!40000 ALTER TABLE `usuarios` DISABLE KEYS */;
INSERT INTO `usuarios` VALUES (2369,'ADMINISTRADOR DE USUARIOS','$2a$11$Xw645GPzQ2nPkIZEQGWVP.Opl5x83aYA.xGhdT9XJIeD.R/5fm1ia',1,1,1,1),(7645,'RAMON ANCHONDO','$2a$11$R9YG.IcrYn2cWtDm9hmEUuixnB0EimqbXJj2Bfb19U6X3y3Su.tqW',4,0,0,1),(8727,'IRMA','$2a$11$/VANC/.6TwDsvSg3kw7Z2OAP56YeuqVa7.4BFAyFZnLFfGw7Z.Ury',4,0,0,1),(9179,'ARLENE TALAMANTES','$2a$11$95TFOkb0pOzTvW0CaFXU1Oau4aswsGYmh.dtz4eezS58U.LflfzbS',2,1,1,1),(9190,'JESUS PEREZ','$2a$11$YLS1L9Jdj77a.YOzuj/MDuKeLa6wP27z5IuPfLywA1Ew4YLnZhZa2',4,0,0,1),(11070,'SONIA VIANEY VARGAS','$2a$11$TmMTkg.J6iUZX72GcqrRNu5AELIHmU5zR1OOfWtKl4q35ate7.nwy',4,0,0,1),(11892,'RAFAEL BORUNDA','$2a$11$xWIa9TVeTJRhD/.U.kGzWetK1EB1DO5727In1fNQG9PHzJISt.R5G',4,0,0,1),(12548,'GUADALUPE RESENDIZ','$2a$11$hMw.76TXUnw4seswFWAgDOcRCAyKi5TyfiX6fg9VP1hWwjbk6HabG',2,1,1,1),(15124,'KAREN GUADALUPE VEGA SALAS','$2a$11$DuzMN8rR/wZgDRTbJSV2hu3TVtqdEKn3/or.uPcPBqZkpdvXkQpBq',2,1,1,1),(15718,'ROCIO KARINA URQUIZA JURADO','$2a$11$X1bW9OWqdj065hSffuxsYePceh9LwgXb.yE2sCDGwluvydkZsGxHq',2,1,1,1),(23040,'ANDREA JACQUELINE LUCERO VILLALOBOS','$2a$11$l4JBQc9fXOHq3Nv6egkoUufn.fq/nH7cXIL5hQYqqOKbL1u1ETshC',1,1,1,1),(23041,'JOSEPH ISAAC RAMIREZ HERNANDEZ','$2a$11$T8la2oDruf92XQ8xpHmrQOQFFQjqIA3fz/2WijdgzOn7/uI51zgz2',1,1,1,1),(25261,'LILIANA ALMEIDA','$2a$11$u51dNKfI3Xv0jMMSaa2LSe9RQe4oSepB2e0IHL4YPOOdt0kZziJlu',2,1,1,0),(26151,'VERONICA AIDALY SOLIS GURROLA','$2a$11$XeUGZzQ7noIJVbOlN4n9bOJMfC62oawKlm1CaVMTJHg378zJTcORS',3,1,1,1),(31152,'REYNA LOPEZ','$2a$11$CpS.A6W2Mq.1qTN0zu5oXuNkY.grguMB8DvUZA8/REbzaCBHP8Lp2',4,0,0,1),(92083,'JORGE FLORES','$2a$11$rw1esboGJIoNBEXS3LExU.PqnvY8R4/a2RS/WaJOhTqddka0VruSe',4,0,0,1),(262001,'USUARIO DE PRUEBA','$2a$11$I4L5VHzQyGBgXGkinoMwZuwKXdhOsvXTd8fwbRBYLuy5kA.SYKQtS',4,0,0,1),(344093,'ANA ELIZABETH RAMOS SEGOVIA','$2a$11$r6EC7BUKUbygXAb1yZ63FO0PEGoxizB731lLRsQhyoGNQP7Jlehmy',2,1,1,1),(355208,'ABRAHAM ESCUDERO','$2a$11$LFXNFcRJSC26vym2KXcRuuNqBkfSzkDPRwCGanDk9jpPCOCxRg44a',2,0,0,0),(357756,'ARIANA FRANCO','$2a$11$i.PQeXmo7aWWynsMLs9LuOcDZtAvzTZGk5tVY3g5Bejk3Kmt.UqkG',2,1,1,1),(358193,'EMILIANO RIVERA','$2a$11$Asm2AT2EYnfeSTbyMxPCg.OFJYyPqttIidap3SjsHNiQ4ICOegsqK',2,0,0,0),(358307,'ARELI ESTHER ARGUELLES MOLINA','$2a$11$OZiIwNxEAq3.Xug4SJYO..Wsp/PqTMtkfugsZ/1u85m40sNhSHdhm',2,0,0,1),(359858,'CATALINA BURROLA','$2a$11$tNGVntiqxCALKOsXjdDiX.fRiUHm7QbkkE2ncmCB.FcDYE6KXK18G',2,0,0,0),(362412,'VANESSA LOPEZ','$2a$11$tgzwRWPaiNm2krZ6.Dg0iOWk65qiNaAtiT.sWeTsL5EZRwlcA9tOO',2,0,0,0),(365236,'MAX BALDERRAMA','$2a$11$GPHLttCG0FZu8BSDg94I2.KRd1/OjZDT766m5TOmie3CzTx877Zc.',2,0,0,0),(367537,'RUTH CASTRO','$2a$11$QiF/UzkRD9PHLKkzqaN9BuDpuueob0vO1c1OrliMhraxItTRB5DS.',2,0,0,0);
/*!40000 ALTER TABLE `usuarios` ENABLE KEYS */;
UNLOCK TABLES;

--
-- Dumping routines for database 'usuarios'
--
/*!40103 SET TIME_ZONE=@OLD_TIME_ZONE */;

/*!40101 SET SQL_MODE=@OLD_SQL_MODE */;
/*!40014 SET FOREIGN_KEY_CHECKS=@OLD_FOREIGN_KEY_CHECKS */;
/*!40014 SET UNIQUE_CHECKS=@OLD_UNIQUE_CHECKS */;
/*!40101 SET CHARACTER_SET_CLIENT=@OLD_CHARACTER_SET_CLIENT */;
/*!40101 SET CHARACTER_SET_RESULTS=@OLD_CHARACTER_SET_RESULTS */;
/*!40101 SET COLLATION_CONNECTION=@OLD_COLLATION_CONNECTION */;
/*!40111 SET SQL_NOTES=@OLD_SQL_NOTES */;

-- Dump completed on 2025-09-08 10:45:56
