-- MySQL dump 10.13  Distrib 8.0.19, for Win64 (x86_64)
--
-- Host: 148.229.21.133    Database: cambiosregistro
-- ------------------------------------------------------
-- Server version	8.3.0

/*!40101 SET @OLD_CHARACTER_SET_CLIENT=@@CHARACTER_SET_CLIENT */;
/*!40101 SET @OLD_CHARACTER_SET_RESULTS=@@CHARACTER_SET_RESULTS */;
/*!40101 SET @OLD_COLLATION_CONNECTION=@@COLLATION_CONNECTION */;
/*!50503 SET NAMES utf8mb4 */;
/*!40103 SET @OLD_TIME_ZONE=@@TIME_ZONE */;
/*!40103 SET TIME_ZONE='+00:00' */;
/*!40014 SET @OLD_UNIQUE_CHECKS=@@UNIQUE_CHECKS, UNIQUE_CHECKS=0 */;
/*!40014 SET @OLD_FOREIGN_KEY_CHECKS=@@FOREIGN_KEY_CHECKS, FOREIGN_KEY_CHECKS=0 */;
/*!40101 SET @OLD_SQL_MODE=@@SQL_MODE, SQL_MODE='NO_AUTO_VALUE_ON_ZERO' */;
/*!40111 SET @OLD_SQL_NOTES=@@SQL_NOTES, SQL_NOTES=0 */;

--
-- Table structure for table `estatus`
--

DROP TABLE IF EXISTS `estatus`;
/*!40101 SET @saved_cs_client     = @@character_set_client */;
/*!50503 SET character_set_client = utf8mb4 */;
CREATE TABLE `estatus` (
  `id_estatus` int NOT NULL,
  `descripcion` varchar(100) DEFAULT NULL,
  PRIMARY KEY (`id_estatus`)
) ENGINE=InnoDB DEFAULT CHARSET=utf8mb4 COLLATE=utf8mb4_0900_ai_ci;
/*!40101 SET character_set_client = @saved_cs_client */;

--
-- Dumping data for table `estatus`
--

LOCK TABLES `estatus` WRITE;
/*!40000 ALTER TABLE `estatus` DISABLE KEYS */;
INSERT INTO `estatus` VALUES (1,'SOLICITUD REGISTRADA'),(2,'OFICIO ENVIADO A LA DIRECCION ACADEMICA'),(3,'EN PROCESO DE EQUIVALIDACION'),(4,'EN PROCESO DE INSCRIPCION'),(5,'INSCRITO');
/*!40000 ALTER TABLE `estatus` ENABLE KEYS */;
UNLOCK TABLES;

--
-- Table structure for table `solicitudes`
--

DROP TABLE IF EXISTS `solicitudes`;
/*!40101 SET @saved_cs_client     = @@character_set_client */;
/*!50503 SET character_set_client = utf8mb4 */;
CREATE TABLE `solicitudes` (
  `matricula` int NOT NULL,
  `id_programa_actual` int NOT NULL,
  `plan_actual` varchar(10) NOT NULL,
  `id_nuevo_programa` int NOT NULL,
  `plan_nuevo` varchar(10) NOT NULL,
  `fecha_solicitud` date NOT NULL,
  `id_tipo` int NOT NULL,
  PRIMARY KEY (`matricula`,`id_programa_actual`,`plan_actual`,`id_nuevo_programa`,`plan_nuevo`)
) ENGINE=InnoDB DEFAULT CHARSET=utf8mb4 COLLATE=utf8mb4_0900_ai_ci;
/*!40101 SET character_set_client = @saved_cs_client */;

--
-- Dumping data for table `solicitudes`
--

LOCK TABLES `solicitudes` WRITE;
/*!40000 ALTER TABLE `solicitudes` DISABLE KEYS */;
INSERT INTO `solicitudes` VALUES (180592,22,'ISV16',22,'2024','2025-05-14',1),(259719,20,'A',1,'F08','2024-11-14',3),(286053,3,'CI',22,'ISV16','2025-06-04',3),(301510,47,'2024',6,'DI','2025-08-06',1),(320886,45,'2024',24,'ITP09','2025-08-08',1),(323317,22,'ISV16',22,'2024','2025-05-14',1),(324701,1,'F08',1,'2024','2025-01-16',1),(329978,34,'2016',46,'2024','2025-08-07',1),(338741,22,'2024',22,'ISV16','2025-01-08',1),(338741,22,'ISV16',22,'2024','2025-05-14',1),(338741,34,'2016',22,'ISV16','2025-01-07',1),(338849,45,'2024',24,'ITP09','2025-01-13',1),(341970,3,'CI',22,'ISV16','2025-04-02',3),(343841,1,'F08',1,'2024','2025-05-28',1),(345490,19,'A',20,'A','2025-05-19',3),(345505,19,'A',21,'2024','2025-08-25',3),(346418,22,'ISV16',22,'2024','2025-05-13',1),(348590,21,'IAE07',24,'ITP09','2024-12-06',3),(349288,6,'DI',47,'2024','2025-01-17',1),(351866,24,'ITP09',45,'2024','2025-08-06',1),(353771,3,'CI',22,'ISV16','2025-04-02',3),(353784,21,'IAE07',24,'ITP09','2024-12-06',3),(354006,21,'IAE07',24,'ITP09','2025-01-07',1),(354006,45,'2024',24,'ITP09','2025-01-08',1),(355216,45,'2024',24,'ITP09','2025-01-08',1),(355315,1,'F08',1,'2024','2025-01-17',1),(355354,1,'F08',1,'2024','2025-01-22',1),(357271,3,'CI',22,'ISV16','2025-04-02',3),(357756,3,'CI',22,'ISV16','2025-04-02',3),(357780,2,'CI',47,'2024','2025-05-29',2),(358278,49,'2024',7,'2009','2025-01-13',1),(358284,49,'2024',7,'2009','2025-01-13',1),(358384,1,'F08',47,'2024','2025-01-07',1),(358384,47,'2024',6,'DI','2025-01-07',1),(359461,1,'F08',7,'2009','2025-01-13',3),(359613,45,'2024',24,'ITP09','2025-01-07',1),(361115,1,'F08',7,'2009','2025-01-13',3),(361247,3,'CI',22,'ISV16','2025-04-02',3),(361430,3,'CI',22,'ISV16','2025-04-02',3),(365186,1,'F08',1,'2024','2025-08-07',1),(365186,1,'F08',21,'2024','2025-08-07',1),(365340,7,'2009',49,'2024','2025-08-08',1),(367604,7,'2009',1,'F08','2025-06-03',3),(367895,1,'F08',1,'2024','2025-06-03',1),(367934,21,'IAE07',24,'ITP09','2024-12-09',2),(367995,21,'2024',21,'IAE07','2025-01-08',1),(368005,24,'ITP09',45,'2024','2025-08-13',1),(368033,1,'F08',1,'2024','2025-08-06',1),(371613,21,'IAE07',24,'ITP09','2024-12-04',2),(371621,21,'IAE07',21,'2024','2025-08-05',1),(371857,7,'2009',48,'2024','2025-08-14',3),(373012,21,'IAE07',21,'2024','2025-08-05',1),(374233,21,'IAE07',21,'2024','2025-08-04',1),(374243,1,'F08',1,'2024','2025-01-17',1),(374258,21,'IAE07',21,'2024','2025-08-06',1),(376829,1,'F08',1,'2024','2024-11-27',1),(376870,21,'IAE07',21,'2024','2025-08-06',1),(377025,6,'DI',47,'2024','2025-08-06',1),(377032,6,'DI',47,'2024','2025-08-07',1),(377034,2,'CI',48,'2024','2025-08-08',1),(377042,1,'F08',1,'2024','2025-06-19',1),(377126,1,'F08',1,'2024','2025-06-19',1),(377131,1,'F08',1,'2024','2025-08-05',1),(377153,1,'F08',1,'2024','2025-06-03',1),(377160,1,'F08',1,'2024','2025-08-07',1),(377173,34,'2016',46,'2024','2025-06-23',1),(377211,21,'IAE07',21,'2024','2025-06-11',1),(377254,1,'F08',1,'2024','2025-08-13',1),(377267,1,'F08',1,'2024','2025-08-13',1),(380160,1,'F08',1,'2024','2025-06-03',1),(381400,1,'F08',1,'2024','2025-06-02',1),(381692,21,'IAE07',21,'2024','2025-08-05',1),(381707,7,'2009',1,'2024','2025-06-02',3),(381746,21,'IAE07',21,'2024','2025-08-05',1),(381755,21,'IAE07',21,'2024','2025-08-06',1),(382845,21,'IAE07',21,'2024','2025-08-06',1),(382848,21,'IAE07',21,'2024','2025-08-06',1),(382854,1,'F08',1,'2024','2025-08-06',1),(382869,1,'F08',1,'2024','2025-08-07',1),(382874,24,'ITP09',45,'2024','2025-08-06',1),(382880,24,'ITP09',45,'2024','2025-08-07',1),(382883,34,'2016',46,'2024','2025-08-06',1),(382888,6,'DI',47,'2024','2025-01-20',1),(382915,1,'F08',1,'2024','2025-08-05',1),(382921,1,'F08',1,'2024','2025-01-17',1),(382943,1,'F08',1,'2024','2025-01-17',1),(382953,1,'F08',1,'2024','2025-01-20',1),(382954,1,'F08',1,'2024','2025-08-05',1),(382957,1,'F08',1,'2024','2025-07-02',1),(382964,1,'F08',1,'2024','2025-08-06',1),(382982,34,'2016',46,'2024','2025-08-06',1),(382984,1,'F08',1,'2024','2025-01-23',1),(382986,1,'F08',1,'2024','2025-06-13',1),(382994,1,'F08',1,'2024','2025-08-05',1),(383005,21,'IAE07',21,'2024','2025-08-05',1),(383010,1,'F08',1,'2024','2025-08-05',1),(385573,2,'CI',48,'2024','2025-08-08',1);
/*!40000 ALTER TABLE `solicitudes` ENABLE KEYS */;
UNLOCK TABLES;

--
-- Table structure for table `tiposmovimiento`
--

DROP TABLE IF EXISTS `tiposmovimiento`;
/*!40101 SET @saved_cs_client     = @@character_set_client */;
/*!50503 SET character_set_client = utf8mb4 */;
CREATE TABLE `tiposmovimiento` (
  `id_tipo` int NOT NULL,
  `descripcion` text NOT NULL,
  PRIMARY KEY (`id_tipo`)
) ENGINE=InnoDB DEFAULT CHARSET=utf8mb4 COLLATE=utf8mb4_0900_ai_ci;
/*!40101 SET character_set_client = @saved_cs_client */;

--
-- Dumping data for table `tiposmovimiento`
--

LOCK TABLES `tiposmovimiento` WRITE;
/*!40000 ALTER TABLE `tiposmovimiento` DISABLE KEYS */;
INSERT INTO `tiposmovimiento` VALUES (1,'CAMBIO DE PLAN DE ESTUDIOS'),(2,'CAMBIO DE PROGRAMA EDUCATIVO'),(3,'CARRERA SIMULTANEA');
/*!40000 ALTER TABLE `tiposmovimiento` ENABLE KEYS */;
UNLOCK TABLES;

--
-- Dumping routines for database 'cambiosregistro'
--
/*!40103 SET TIME_ZONE=@OLD_TIME_ZONE */;

/*!40101 SET SQL_MODE=@OLD_SQL_MODE */;
/*!40014 SET FOREIGN_KEY_CHECKS=@OLD_FOREIGN_KEY_CHECKS */;
/*!40014 SET UNIQUE_CHECKS=@OLD_UNIQUE_CHECKS */;
/*!40101 SET CHARACTER_SET_CLIENT=@OLD_CHARACTER_SET_CLIENT */;
/*!40101 SET CHARACTER_SET_RESULTS=@OLD_CHARACTER_SET_RESULTS */;
/*!40101 SET COLLATION_CONNECTION=@OLD_COLLATION_CONNECTION */;
/*!40111 SET SQL_NOTES=@OLD_SQL_NOTES */;

-- Dump completed on 2025-09-08 10:43:41
